Error Type,Count,WER,CER,Precision,Recall,F1,Sent Accuracy
Case Marker Error,91,0.3912,0.1485,0.0,0.0,0.0,0.0
Extra Suffix,118,0.3296,0.0927,0.0,0.0,0.0,0.0
Gender Agreement,71,0.3087,0.0568,0.0,0.0,0.0,0.0
Honorific Agreement,19,0.322,0.0456,0.0,0.0,0.0,0.0
Neuter Agreement,141,0.3271,0.1124,0.0,0.0,0.0,0.0
Number Agreement,61,0.3228,0.0781,0.0,0.0,0.0,0.0
Person Agreement,39,0.3047,0.1123,0.0,0.0,0.0,0.0
Postposition Error,38,0.3258,0.2002,0.0,0.0,0.0,0.0
Tense Error,121,0.2551,0.2703,0.0,0.0,0.0,0.0
Verb Agreement,1,0.3333,0.125,0.0,0.0,0.0,0.0
