ID,Incorrect Sentence,Correct Sentence,Error Type,Predicted
1,ರಾಮು ಶಾಲೆಗೆ ಹೋಗಿದೆ,ರಾಮು ಶಾಲೆಗೆ ಹೋಗಿದ್ದಾನೆ,Gender Agreement,ರಾಮು ಶಾಲೆಗೆ ಹೋಗಿದೆ
2,ಅವಳು ಮನೆಗೆ ಬಂತು,ಅವಳು ಮನೆಗೆ ಬಂದಳು,Verb Agreement,ಅವಳು ಮನೆಗೆ ಬಂತು
3,ನಾನು ಪುಸ್ತಕ ಓದಿದಳು,ನಾನು ಪುಸ್ತಕ ಓದಿದೆ,Person Agreement,ನಾನು ಪುಸ್ತಕ ಓದಿದಳು
4,ನಾವು ಮಾರುಕಟ್ಟೆಗೆ ಹೋಗುತ್ತಾನೆ,ನಾವು ಮಾರುಕಟ್ಟೆಗೆ ಹೋಗುತ್ತೇವೆ,Number Agreement,ನಾವು ಮಾರುಕಟ್ಟೆಗೆ ಹೋಗುತ್ತಾನೆ
5,ಮಕ್ಕಳು ಉದ್ಯಾನವನದಲ್ಲಿ ಆಟ ಆಡುತ್ತಾನೆ,ಮಕ್ಕಳು ಉದ್ಯಾನವನದಲ್ಲಿ ಆಟ ಆಡುತ್ತಾರೆ,Number Agreement,ಮಕ್ಕಳು ಉದ್ಯಾನವನದಲ್ಲಿ ಆಟ ಆಡುತ್ತಾನೆ
6,ಅವನು ಊಟ ಮಾಡಿದೆ,ಅವನು ಊಟ ಮಾಡಿದ್ದಾನೆ,Gender Agreement,ಅವನು ಊಟ ಮಾಡಿದೆ
7,ಅವಳು ಹಾಡು ಹಾಡಿದನು,ಅವಳು ಹಾಡು ಹಾಡಿದಳು,Gender Agreement,ಅವಳು ಹಾಡು ಹಾಡಿದನು
8,ಗುರು ವಿದ್ಯಾರ್ಥಿಗಳಿಗೆ ಹೇಳಿದಳು,ಗುರು ವಿದ್ಯಾರ್ಥಿಗಳಿಗೆ ಹೇಳಿದರು,Honorific Agreement,ಗುರು ವಿದ್ಯಾರ್ಥಿಗಳಿಗೆ ಹೇಳಿದಳು
9,ನಾನು ಅವನಿಗೆ ಪುಸ್ತಕ ಕೊಟ್ಟಳು,ನಾನು ಅವನಿಗೆ ಪುಸ್ತಕ ಕೊಟ್ಟೆ,Person Agreement,ನಾನು ಅವನಿಗೆ ಪುಸ್ತಕ ಕೊಟ್ಟಳು
10,ನಾವು ಚಿತ್ರ ನೋಡಿದನು,ನಾವು ಚಿತ್ರ ನೋಡಿದೆವು,Number Agreement,ನಾವು ಚಿತ್ರ ನೋಡಿದನು
11,ನದಿ ವೇಗವಾಗಿ ಹರಿಯುತ್ತಾನೆ,ನದಿ ವೇಗವಾಗಿ ಹರಿಯುತ್ತದೆ,Neuter Agreement,ನದಿ ವೇಗವಾಗಿ ಹರಿಯುತ್ತಾನೆ
12,ಮರ ಬೆಳೆಯುತ್ತಾನೆ,ಮರ ಬೆಳೆಯುತ್ತದೆ,Neuter Agreement,ಮರ ಬೆಳೆಯುತ್ತಾನೆ
13,ಹೂ ಸುಗಂಧ ಕೊಡುತ್ತಾನೆ,ಹೂ ಸುಗಂಧ ಕೊಡುತ್ತದೆ,Neuter Agreement,ಹೂ ಸುಗಂಧ ಕೊಡುತ್ತಾನೆ
14,ಹಣ್ಣು ನೆಲಕ್ಕೆ ಬಿದ್ದನು,ಹಣ್ಣು ನೆಲಕ್ಕೆ ಬಿತ್ತು,Neuter Agreement,ಹಣ್ಣು ನೆಲಕ್ಕೆ ಬಿದ್ದನು
15,ಸ್ವರ ಜೋರಾಗಿ ಕೇಳಿಸುತ್ತಾನೆ,ಸ್ವರ ಜೋರಾಗಿ ಕೇಳಿಸುತ್ತದೆ,Neuter Agreement,ಸ್ವರ ಜೋರಾಗಿ ಕೇಳಿಸುತ್ತಾನೆ
16,ಅವನು ಶಾಲೆಗೆ ನಿನ್ನೆ ಹೋಗುತ್ತಾನೆ,ಅವನು ನಿನ್ನೆ ಶಾಲೆಗೆ ಹೋದನು,Tense Error,ಅವನು ಶಾಲೆಗೆ ನಿನ್ನೆ ಹೋಗುತ್ತಾನೆ
17,ನಾನು ನಾಳೆ ಪರೀಕ್ಷೆ ಬರೆದಿದ್ದೆ,ನಾನು ನಾಳೆ ಪರೀಕ್ಷೆ ಬರೆಯುತ್ತೇನೆ,Tense Error,ನಾನು ನಾಳೆ ಪರೀಕ್ಷೆ ಬರೆದಿದ್ದೆ
18,ನಾವು ಈಗ ಸಿನಿಮಾ ನೋಡಿದೆವು,ನಾವು ಈಗ ಸಿನಿಮಾ ನೋಡುತ್ತಿದ್ದೇವೆ,Tense Error,ನಾವು ಈಗ ಸಿನಿಮಾ ನೋಡಿದೆವು
19,ಅವಳು ನಿನ್ನೆ ಮಾರುಕಟ್ಟೆಗೆ ಹೋಗುತ್ತಾಳೆ,ಅವಳು ನಿನ್ನೆ ಮಾರುಕಟ್ಟೆಗೆ ಹೋದಳು,Tense Error,ಅವಳು ನಿನ್ನೆ ಮಾರುಕಟ್ಟೆಗೆ ಹೋಗುತ್ತಾಳೆ
20,ಅವರು ಈಗ ಮನೆಗೆ ಹೋದರು,ಅವರು ಈಗ ಮನೆಗೆ ಹೋಗುತ್ತಿದ್ದಾರೆ,Tense Error,ಅವರು ಈಗ ಮನೆಗೆ ಹೋದರು
21,ಅವನು ಶಾಲೆ ಹೋಗಿದನು,ಅವನು ಶಾಲೆಗೆ ಹೋದನು,Postposition Error,ಅವನು ಶಾಲೆ ಹೋಗಿದನು
22,ನಾನು ಅವಳಿಗೆ ಜೊತೆ ಮಾತನಾಡಿದೆ,ನಾನು ಅವಳ ಜೊತೆ ಮಾತನಾಡಿದೆ,Postposition Error,ನಾನು ಅವಳಿಗೆ ಜೊತೆ ಮಾತನಾಡಿದೆ
23,ಮಕ್ಕಳು ಉದ್ಯಾನವನ ಆಡಿದರು,ಮಕ್ಕಳು ಉದ್ಯಾನವನದಲ್ಲಿ ಆಡಿದರು,Postposition Error,ಮಕ್ಕಳು ಉದ್ಯಾನವನ ಆಡಿದರು
24,ಅವಳು ಪುಸ್ತಕ ಮೇಲೆ ಇಟ್ಟಳು,ಅವಳು ಪುಸ್ತಕವನ್ನು ಮೇಜಿನ ಮೇಲೆ ಇಟ್ಟಳು,Case Marker Error,ಅವಳು ಪುಸ್ತಕ ಮೇಲೆ ಇಟ್ಟಳು
25,ನಾನು ಮನೆ ಹೊರಗೆ ನಿಂತಿದ್ದೆನು,ನಾನು ಮನೆಯ ಹೊರಗೆ ನಿಂತಿದ್ದೆನು,Case Marker Error,ನಾನು ಮನೆ ಹೊರಗೆ ನಿಂತಿದ್ದೆನು
26,ಅವನು ತಕ್ಷಣ ಮನೆಗೆ ಹೋಗುತ್ತಾನೆನು,ಅವನು ತಕ್ಷಣ ಮನೆಗೆ ಹೋಗುತ್ತಾನೆ,Extra Suffix,ಅವನು ತಕ್ಷಣ ಮನೆಗೆ ಹೋಗುತ್ತಾನೆನು
27,ಅವಳು ಸುಂದರವಾಗಿ ಹಾಡುತ್ತಾಳೆನು,ಅವಳು ಸುಂದರವಾಗಿ ಹಾಡುತ್ತಾಳೆ,Extra Suffix,ಅವಳು ಸುಂದರವಾಗಿ ಹಾಡುತ್ತಾಳೆನು
28,ನಾನು ಶಾಲೆಗೆ ಹೋಗುತ್ತೇನೆನು,ನಾನು ಶಾಲೆಗೆ ಹೋಗುತ್ತೇನೆ,Extra Suffix,ನಾನು ಶಾಲೆಗೆ ಹೋಗುತ್ತೇನೆನು
29,ನಾವು ಕೆಲಸ ಮುಗಿಸಿದ್ದೇವೆನು,ನಾವು ಕೆಲಸ ಮುಗಿಸಿದ್ದೇವೆ,Extra Suffix,ನಾವು ಕೆಲಸ ಮುಗಿಸಿದ್ದೇವೆನು
30,ಅವರು ಸಭೆಯಲ್ಲಿ ಮಾತನಾಡಿದರುನು,ಅವರು ಸಭೆಯಲ್ಲಿ ಮಾತನಾಡಿದರು,Extra Suffix,ಅವರು ಸಭೆಯಲ್ಲಿ ಮಾತನಾಡಿದರುನು
31,ಅವನು ಬೆಳಿಗ್ಗೆ ಓಡುತ್ತಾಳೆ,ಅವನು ಬೆಳಿಗ್ಗೆ ಓಡುತ್ತಾನೆ,Gender Agreement,ಅವನು ಬೆಳಿಗ್ಗೆ ಓಡುತ್ತಾಳೆ
32,ಅವಳು ಕಥೆ ಬರೆಯುತ್ತಾನೆ,ಅವಳು ಕಥೆ ಬರೆಯುತ್ತಾಳೆ,Gender Agreement,ಅವಳು ಕಥೆ ಬರೆಯುತ್ತಾನೆ
33,ನಾನು ಹಾಡು ಕೇಳಿದನು,ನಾನು ಹಾಡು ಕೇಳಿದೆ,Person Agreement,ನಾನು ಹಾಡು ಕೇಳಿದನು
34,ನಾವು ಪುಸ್ತಕ ತೆಗೆದುಕೊಂಡನು,ನಾವು ಪುಸ್ತಕ ತೆಗೆದುಕೊಂಡೆವು,Number Agreement,ನಾವು ಪುಸ್ತಕ ತೆಗೆದುಕೊಂಡನು
35,ಮಕ್ಕಳು ಊಟ ಮಾಡುತ್ತಾನೆ,ಮಕ್ಕಳು ಊಟ ಮಾಡುತ್ತಾರೆ,Number Agreement,ಮಕ್ಕಳು ಊಟ ಮಾಡುತ್ತಾನೆ
36,ನದಿ ಶಾಂತವಾಗಿ ಹರಿಯುತ್ತಾನೆ,ನದಿ ಶಾಂತವಾಗಿ ಹರಿಯುತ್ತದೆ,Neuter Agreement,ನದಿ ಶಾಂತವಾಗಿ ಹರಿಯುತ್ತಾನೆ
37,ಮರ ನೆರಳು ಕೊಡುತ್ತಾನೆ,ಮರ ನೆರಳು ಕೊಡುತ್ತದೆ,Neuter Agreement,ಮರ ನೆರಳು ಕೊಡುತ್ತಾನೆ
38,ಹೂ ತೋಟದಲ್ಲಿ ಅರಳುತ್ತಾನೆ,ಹೂ ತೋಟದಲ್ಲಿ ಅರಳುತ್ತದೆ,Neuter Agreement,ಹೂ ತೋಟದಲ್ಲಿ ಅರಳುತ್ತಾನೆ
39,ಹಣ್ಣು ಸಿಹಿಯಾಗಿ ತೋರುತ್ತಾನೆ,ಹಣ್ಣು ಸಿಹಿಯಾಗಿ ತೋರುತ್ತದೆ,Neuter Agreement,ಹಣ್ಣು ಸಿಹಿಯಾಗಿ ತೋರುತ್ತಾನೆ
40,ಸ್ವರ ನಿಧಾನವಾಗಿ ಕೇಳಿಸುತ್ತಾನೆ,ಸ್ವರ ನಿಧಾನವಾಗಿ ಕೇಳಿಸುತ್ತದೆ,Neuter Agreement,ಸ್ವರ ನಿಧಾನವಾಗಿ ಕೇಳಿಸುತ್ತಾನೆ
41,ಅವನು ಕೆಲಸ ಮುಗಿಸುತ್ತಿದ್ದಳು,ಅವನು ಕೆಲಸ ಮುಗಿಸುತ್ತಿದ್ದನು,Gender Agreement,ಅವನು ಕೆಲಸ ಮುಗಿಸುತ್ತಿದ್ದಳು
42,ಅವಳು ಮನೆ ಸ್ವಚ್ಛ ಮಾಡಿದ್ದನು,ಅವಳು ಮನೆ ಸ್ವಚ್ಛ ಮಾಡಿದ್ದಳು,Gender Agreement,ಅವಳು ಮನೆ ಸ್ವಚ್ಛ ಮಾಡಿದ್ದನು
43,ನಾನು ಅವನಿಗೆ ಪತ್ರ ಬರೆದಳು,ನಾನು ಅವನಿಗೆ ಪತ್ರ ಬರೆದಿದ್ದೆ,Person Agreement,ನಾನು ಅವನಿಗೆ ಪತ್ರ ಬರೆದಳು
44,ನಾವು ಕಾಫಿ ಕುಡಿದನು,ನಾವು ಕಾಫಿ ಕುಡಿದೆವು,Number Agreement,ನಾವು ಕಾಫಿ ಕುಡಿದನು
45,ಅವರು ಪುಸ್ತಕ ಓದಿದನು,ಅವರು ಪುಸ್ತಕ ಓದಿದರು,Honorific Agreement,ಅವರು ಪುಸ್ತಕ ಓದಿದನು
46,ಅವನು ಸಂಜೆ ಉದ್ಯಾನವನದಲ್ಲಿ ನಡೆಯುತ್ತಾಳೆ,ಅವನು ಸಂಜೆ ಉದ್ಯಾನವನದಲ್ಲಿ ನಡೆಯುತ್ತಾನೆ,Gender Agreement,ಅವನು ಸಂಜೆ ಉದ್ಯಾನವನದಲ್ಲಿ ನಡೆಯುತ್ತಾಳೆ
47,ಅವಳು ಬಸ್ ಹಿಡಿದನು,ಅವಳು ಬಸ್ ಹಿಡಿದಳು,Gender Agreement,ಅವಳು ಬಸ್ ಹಿಡಿದನು
48,ನಾನು ಸ್ನೇಹಿತನನ್ನು ನೋಡಿದಳು,ನಾನು ಸ್ನೇಹಿತನನ್ನು ನೋಡಿದೆ,Person Agreement,ನಾನು ಸ್ನೇಹಿತನನ್ನು ನೋಡಿದಳು
49,ನಾವು ಆಟ ಗೆದ್ದನು,ನಾವು ಆಟ ಗೆದ್ದೆವು,Number Agreement,ನಾವು ಆಟ ಗೆದ್ದನು
50,ಮಕ್ಕಳು ಕಥೆ ಕೇಳಿದನು,ಮಕ್ಕಳು ಕಥೆ ಕೇಳಿದರು,Number Agreement,ಮಕ್ಕಳು ಕಥೆ ಕೇಳಿದನು
51,ನದಿ ತೀರಕ್ಕೆ ತಲುಪಿದನು,ನದಿ ತೀರಕ್ಕೆ ತಲುಪಿತು,Neuter Agreement,ನದಿ ತೀರಕ್ಕೆ ತಲುಪಿದನು
52,ಮರ ಗಾಳಿಯಲ್ಲಿ ಕುಣಿಯುತ್ತಾನೆ,ಮರ ಗಾಳಿಯಲ್ಲಿ ಕುಣಿಯುತ್ತದೆ,Neuter Agreement,ಮರ ಗಾಳಿಯಲ್ಲಿ ಕುಣಿಯುತ್ತಾನೆ
53,ಹೂ ಬೆಳಿಗ್ಗೆ ಮುಚ್ಚುತ್ತಾನೆ,ಹೂ ಬೆಳಿಗ್ಗೆ ಮುಚ್ಚುತ್ತದೆ,Neuter Agreement,ಹೂ ಬೆಳಿಗ್ಗೆ ಮುಚ್ಚುತ್ತಾನೆ
54,ಹಣ್ಣು ನೆಲದಲ್ಲಿ ಉರುಳುತ್ತಾನೆ,ಹಣ್ಣು ನೆಲದಲ್ಲಿ ಉರುಳುತ್ತದೆ,Neuter Agreement,ಹಣ್ಣು ನೆಲದಲ್ಲಿ ಉರುಳುತ್ತಾನೆ
55,ಸ್ವರ ಸ್ಪಷ್ಟವಾಗಿ ಕೇಳಿಸುತ್ತಾನೆ,ಸ್ವರ ಸ್ಪಷ್ಟವಾಗಿ ಕೇಳಿಸುತ್ತದೆ,Neuter Agreement,ಸ್ವರ ಸ್ಪಷ್ಟವಾಗಿ ಕೇಳಿಸುತ್ತಾನೆ
56,ಅವನು ಶಾಲೆಗೆ ನಾಳೆ ಹೋದನು,ಅವನು ನಾಳೆ ಶಾಲೆಗೆ ಹೋಗುತ್ತಾನೆ,Tense Error,ಅವನು ಶಾಲೆಗೆ ನಾಳೆ ಹೋದನು
57,ನಾನು ಈಗ ಊಟ ಮಾಡಿದ್ದೆ,ನಾನು ಈಗ ಊಟ ಮಾಡುತ್ತಿದ್ದೇನೆ,Tense Error,ನಾನು ಈಗ ಊಟ ಮಾಡಿದ್ದೆ
58,ನಾವು ನಿನ್ನೆ ಸಿನಿಮಾ ನೋಡುತ್ತೇವೆ,ನಾವು ನಿನ್ನೆ ಸಿನಿಮಾ ನೋಡಿದೆವು,Tense Error,ನಾವು ನಿನ್ನೆ ಸಿನಿಮಾ ನೋಡುತ್ತೇವೆ
59,ಅವಳು ಈಗ ಮನೆಗೆ ಬಂದಳು,ಅವಳು ಈಗ ಮನೆಗೆ ಬರುತ್ತಾಳೆ,Tense Error,ಅವಳು ಈಗ ಮನೆಗೆ ಬಂದಳು
60,ಅವರು ನಾಳೆ ಪ್ರಯಾಣ ಮಾಡಿದರು,ಅವರು ನಾಳೆ ಪ್ರಯಾಣ ಮಾಡುತ್ತಾರೆ,Tense Error,ಅವರು ನಾಳೆ ಪ್ರಯಾಣ ಮಾಡಿದರು
61,ಅವನು ಪುಸ್ತಕ ಮೇಜು ಇಟ್ಟನು,ಅವನು ಪುಸ್ತಕವನ್ನು ಮೇಜಿನ ಮೇಲೆ ಇಟ್ಟನು,Case Marker Error,ಅವನು ಪುಸ್ತಕ ಮೇಜು ಇಟ್ಟನು
62,ನಾನು ಅವನಿಗೆ ಜೊತೆ ಹೋಗಿದೆ,ನಾನು ಅವನ ಜೊತೆ ಹೋಗಿದೆ,Postposition Error,ನಾನು ಅವನಿಗೆ ಜೊತೆ ಹೋಗಿದೆ
63,ಮಕ್ಕಳು ತೋಟ ಆಟ ಆಡಿದರು,ಮಕ್ಕಳು ತೋಟದಲ್ಲಿ ಆಟ ಆಡಿದರು,Postposition Error,ಮಕ್ಕಳು ತೋಟ ಆಟ ಆಡಿದರು
64,ಅವಳು ಶಾಲೆ ಒಳಗೆ ಹೋದಳು,ಅವಳು ಶಾಲೆಯೊಳಗೆ ಹೋದಳು,Case Marker Error,ಅವಳು ಶಾಲೆ ಒಳಗೆ ಹೋದಳು
65,ನಾನು ಮನೆ ಮುಂದೆ ನಿಂತಿದ್ದೆನು,ನಾನು ಮನೆಯ ಮುಂದೆ ನಿಂತಿದ್ದೆನು,Case Marker Error,ನಾನು ಮನೆ ಮುಂದೆ ನಿಂತಿದ್ದೆನು
66,ಅವನು ಬೇಗನೆ ಓಡುತ್ತಾನೆನು,ಅವನು ಬೇಗನೆ ಓಡುತ್ತಾನೆ,Extra Suffix,ಅವನು ಬೇಗನೆ ಓಡುತ್ತಾನೆನು
67,ಅವಳು ನಿಧಾನವಾಗಿ ಮಾತನಾಡುತ್ತಾಳೆನು,ಅವಳು ನಿಧಾನವಾಗಿ ಮಾತನಾಡುತ್ತಾಳೆ,Extra Suffix,ಅವಳು ನಿಧಾನವಾಗಿ ಮಾತನಾಡುತ್ತಾಳೆನು
68,ನಾನು ಕಥೆ ಬರೆಯುತ್ತೇನೆನು,ನಾನು ಕಥೆ ಬರೆಯುತ್ತೇನೆ,Extra Suffix,ನಾನು ಕಥೆ ಬರೆಯುತ್ತೇನೆನು
69,ನಾವು ಹಾಡು ಹಾಡಿದ್ದೇವೆನು,ನಾವು ಹಾಡು ಹಾಡಿದ್ದೇವೆ,Extra Suffix,ನಾವು ಹಾಡು ಹಾಡಿದ್ದೇವೆನು
70,ಅವರು ಮನೆ ಕಟ್ಟಿದರುನು,ಅವರು ಮನೆ ಕಟ್ಟಿದರು,Extra Suffix,ಅವರು ಮನೆ ಕಟ್ಟಿದರುನು
71,ಅವನು ಸ್ನೇಹಿತನಿಗೆ ಸಹಾಯ ಮಾಡಿದಳು,ಅವನು ಸ್ನೇಹಿತನಿಗೆ ಸಹಾಯ ಮಾಡಿದನು,Gender Agreement,ಅವನು ಸ್ನೇಹಿತನಿಗೆ ಸಹಾಯ ಮಾಡಿದಳು
72,ಅವಳು ಪತ್ರ ಓದಿದನು,ಅವಳು ಪತ್ರ ಓದಿದಳು,Gender Agreement,ಅವಳು ಪತ್ರ ಓದಿದನು
73,ನಾನು ಚಿತ್ರ ನೋಡಿದಳು,ನಾನು ಚಿತ್ರ ನೋಡಿದೆ,Person Agreement,ನಾನು ಚಿತ್ರ ನೋಡಿದಳು
74,ನಾವು ಹಣ್ಣು ತಿಂದನು,ನಾವು ಹಣ್ಣು ತಿಂದೆವು,Number Agreement,ನಾವು ಹಣ್ಣು ತಿಂದನು
75,ಮಕ್ಕಳು ಕಥೆ ಬರೆದನು,ಮಕ್ಕಳು ಕಥೆ ಬರೆದರು,Number Agreement,ಮಕ್ಕಳು ಕಥೆ ಬರೆದನು
76,ನದಿ ಶಾಂತವಾಗಿ ಹರಿದನು,ನದಿ ಶಾಂತವಾಗಿ ಹರಿತು,Neuter Agreement,ನದಿ ಶಾಂತವಾಗಿ ಹರಿದನು
77,ಮರ ನೆಲಕ್ಕೆ ಬಿದ್ದನು,ಮರ ನೆಲಕ್ಕೆ ಬಿತ್ತು,Neuter Agreement,ಮರ ನೆಲಕ್ಕೆ ಬಿದ್ದನು
78,ಹೂ ಸುಂದರವಾಗಿ ಅರಳಿದನು,ಹೂ ಸುಂದರವಾಗಿ ಅರಳಿತು,Neuter Agreement,ಹೂ ಸುಂದರವಾಗಿ ಅರಳಿದನು
79,ಹಣ್ಣು ಮರದಿಂದ ಬಿದ್ದನು,ಹಣ್ಣು ಮರದಿಂದ ಬಿತ್ತು,Neuter Agreement,ಹಣ್ಣು ಮರದಿಂದ ಬಿದ್ದನು
80,ಸ್ವರ ನಿಧಾನವಾಗಿ ಕಡಿಮೆಯಾದನು,ಸ್ವರ ನಿಧಾನವಾಗಿ ಕಡಿಮೆಯಾಯಿತು,Neuter Agreement,ಸ್ವರ ನಿಧಾನವಾಗಿ ಕಡಿಮೆಯಾದನು
81,ಅವನು ಕೆಲಸ ಮಾಡುತ್ತಿದ್ದಳು,ಅವನು ಕೆಲಸ ಮಾಡುತ್ತಿದ್ದನು,Gender Agreement,ಅವನು ಕೆಲಸ ಮಾಡುತ್ತಿದ್ದಳು
82,ಅವಳು ಹಾಡು ಹಾಡಿದನು,ಅವಳು ಹಾಡು ಹಾಡಿದಳು,Gender Agreement,ಅವಳು ಹಾಡು ಹಾಡಿದನು
83,ನಾನು ಪತ್ರ ಕಳುಹಿಸಿದಳು,ನಾನು ಪತ್ರ ಕಳುಹಿಸಿದೆ,Person Agreement,ನಾನು ಪತ್ರ ಕಳುಹಿಸಿದಳು
84,ನಾವು ಮನೆ ತಲುಪಿದನು,ನಾವು ಮನೆ ತಲುಪಿದೆವು,Number Agreement,ನಾವು ಮನೆ ತಲುಪಿದನು
85,ಮಕ್ಕಳು ಪುಸ್ತಕ ತಂದನು,ಮಕ್ಕಳು ಪುಸ್ತಕ ತಂದರು,Number Agreement,ಮಕ್ಕಳು ಪುಸ್ತಕ ತಂದನು
86,ನದಿ ಸಮುದ್ರ ಸೇರುವನು,ನದಿ ಸಮುದ್ರ ಸೇರುತ್ತದೆ,Neuter Agreement,ನದಿ ಸಮುದ್ರ ಸೇರುವನು
87,ಮರ ನೆರಳು ನೀಡಿದನು,ಮರ ನೆರಳು ನೀಡಿತು,Neuter Agreement,ಮರ ನೆರಳು ನೀಡಿದನು
88,ಹೂ ವಾಸನೆ ನೀಡಿದನು,ಹೂ ವಾಸನೆ ನೀಡಿತು,Neuter Agreement,ಹೂ ವಾಸನೆ ನೀಡಿದನು
89,ಹಣ್ಣು ಚೆನ್ನಾಗಿ ಬೆಳೆದನು,ಹಣ್ಣು ಚೆನ್ನಾಗಿ ಬೆಳೆದಿತು,Neuter Agreement,ಹಣ್ಣು ಚೆನ್ನಾಗಿ ಬೆಳೆದನು
90,ಸ್ವರ ದೂರ ಕೇಳಿಸಿದನು,ಸ್ವರ ದೂರ ಕೇಳಿಸಿತು,Neuter Agreement,ಸ್ವರ ದೂರ ಕೇಳಿಸಿದನು
91,ಅವನು ಮನೆ ಸ್ವಚ್ಛ ಮಾಡುತ್ತಾಳೆ,ಅವನು ಮನೆ ಸ್ವಚ್ಛ ಮಾಡುತ್ತಾನೆ,Gender Agreement,ಅವನು ಮನೆ ಸ್ವಚ್ಛ ಮಾಡುತ್ತಾಳೆ
92,ಅವಳು ಕಾಗದ ಕತ್ತರಿಸಿದನು,ಅವಳು ಕಾಗದ ಕತ್ತರಿಸಿದಳು,Gender Agreement,ಅವಳು ಕಾಗದ ಕತ್ತರಿಸಿದನು
93,ನಾನು ಕಾಫಿ ಮಾಡಿದ್ದಳು,ನಾನು ಕಾಫಿ ಮಾಡಿದೆ,Person Agreement,ನಾನು ಕಾಫಿ ಮಾಡಿದ್ದಳು
94,ನಾವು ಮಾರುಕಟ್ಟೆ ಹೋದನು,ನಾವು ಮಾರುಕಟ್ಟೆಗೆ ಹೋದೆವು,Case Marker Error,ನಾವು ಮಾರುಕಟ್ಟೆ ಹೋದನು
95,ಮಕ್ಕಳು ಶಾಲೆ ಹೋಗಿದನು,ಮಕ್ಕಳು ಶಾಲೆಗೆ ಹೋದರು,Case Marker Error,ಮಕ್ಕಳು ಶಾಲೆ ಹೋಗಿದನು
96,ನದಿ ಶಬ್ದ ಮಾಡುತ್ತಾನೆ,ನದಿ ಶಬ್ದ ಮಾಡುತ್ತದೆ,Neuter Agreement,ನದಿ ಶಬ್ದ ಮಾಡುತ್ತಾನೆ
97,ಮರ ನಿಧಾನವಾಗಿ ಬೆಳೆಯುತ್ತಾನೆ,ಮರ ನಿಧಾನವಾಗಿ ಬೆಳೆಯುತ್ತದೆ,Neuter Agreement,ಮರ ನಿಧಾನವಾಗಿ ಬೆಳೆಯುತ್ತಾನೆ
98,ಹೂ ತೋಟದಲ್ಲಿ ಬಿದ್ದನು,ಹೂ ತೋಟದಲ್ಲಿ ಬಿತ್ತು,Neuter Agreement,ಹೂ ತೋಟದಲ್ಲಿ ಬಿದ್ದನು
99,ಹಣ್ಣು ಸಿಹಿಯಾಗಿ ಕಾಣಿಸುತ್ತಾನೆ,ಹಣ್ಣು ಸಿಹಿಯಾಗಿ ಕಾಣಿಸುತ್ತದೆ,Neuter Agreement,ಹಣ್ಣು ಸಿಹಿಯಾಗಿ ಕಾಣಿಸುತ್ತಾನೆ
100,ಸ್ವರ ಸ್ಪಷ್ಟವಾಗಿ ಕೇಳಿಸಿದನು,ಸ್ವರ ಸ್ಪಷ್ಟವಾಗಿ ಕೇಳಿಸಿತು,Neuter Agreement,ಸ್ವರ ಸ್ಪಷ್ಟವಾಗಿ ಕೇಳಿಸಿದನು
101,ರವಿ ಬೆಳಗ್ಗೆ ಉದ್ಯಾನದಲ್ಲಿ ನಡೆದಳು,ರವಿ ಬೆಳಗ್ಗೆ ಉದ್ಯಾನದಲ್ಲಿ ನಡೆದನು,Gender Agreement,ರವಿ ಬೆಳಗ್ಗೆ ಉದ್ಯಾನದಲ್ಲಿ ನಡೆದಳು
102,ಲತಾ ಕಾಗದ ಬರೆಯುತ್ತಾನೆ,ಲತಾ ಕಾಗದ ಬರೆಯುತ್ತಾಳೆ,Gender Agreement,ಲತಾ ಕಾಗದ ಬರೆಯುತ್ತಾನೆ
103,ನಾನು ಸ್ನೇಹಿತನನ್ನು ನೋಡಿದನು,ನಾನು ಸ್ನೇಹಿತನನ್ನು ನೋಡಿದೆ,Person Agreement,ನಾನು ಸ್ನೇಹಿತನನ್ನು ನೋಡಿದನು
104,ನಾವು ಮನೆ ಕಟ್ಟಿದನು,ನಾವು ಮನೆ ಕಟ್ಟಿದೆವು,Number Agreement,ನಾವು ಮನೆ ಕಟ್ಟಿದನು
105,ವಿದ್ಯಾರ್ಥಿಗಳು ಪ್ರಶ್ನೆ ಕೇಳಿದನು,ವಿದ್ಯಾರ್ಥಿಗಳು ಪ್ರಶ್ನೆ ಕೇಳಿದರು,Number Agreement,ವಿದ್ಯಾರ್ಥಿಗಳು ಪ್ರಶ್ನೆ ಕೇಳಿದನು
106,ನದಿ ನಿಧಾನವಾಗಿ ಹರಿದನು,ನದಿ ನಿಧಾನವಾಗಿ ಹರಿತು,Neuter Agreement,ನದಿ ನಿಧಾನವಾಗಿ ಹರಿದನು
107,ಮರ ಹಸಿರಾಗಿ ಕಾಣಿಸುತ್ತಾನೆ,ಮರ ಹಸಿರಾಗಿ ಕಾಣಿಸುತ್ತದೆ,Neuter Agreement,ಮರ ಹಸಿರಾಗಿ ಕಾಣಿಸುತ್ತಾನೆ
108,ಹೂ ತೋಟದಲ್ಲಿ ಬಿದ್ದನು,ಹೂ ತೋಟದಲ್ಲಿ ಬಿತ್ತು,Neuter Agreement,ಹೂ ತೋಟದಲ್ಲಿ ಬಿದ್ದನು
109,ಹಣ್ಣು ಚೆನ್ನಾಗಿ ಬೆಳೆದನು,ಹಣ್ಣು ಚೆನ್ನಾಗಿ ಬೆಳೆದಿತು,Neuter Agreement,ಹಣ್ಣು ಚೆನ್ನಾಗಿ ಬೆಳೆದನು
110,ಸ್ವರ ಸ್ಪಷ್ಟವಾಗಿ ಕೇಳಿಸಿದನು,ಸ್ವರ ಸ್ಪಷ್ಟವಾಗಿ ಕೇಳಿಸಿತು,Neuter Agreement,ಸ್ವರ ಸ್ಪಷ್ಟವಾಗಿ ಕೇಳಿಸಿದನು
111,ಅವನು ನಿನ್ನೆ ಪುಸ್ತಕ ಓದುತ್ತಾನೆ,ಅವನು ನಿನ್ನೆ ಪುಸ್ತಕ ಓದಿದನು,Tense Error,ಅವನು ನಿನ್ನೆ ಪುಸ್ತಕ ಓದುತ್ತಾನೆ
112,ನಾನು ನಾಳೆ ಸ್ನೇಹಿತನನ್ನು ನೋಡಿದೆ,ನಾನು ನಾಳೆ ಸ್ನೇಹಿತನನ್ನು ನೋಡುತ್ತೇನೆ,Tense Error,ನಾನು ನಾಳೆ ಸ್ನೇಹಿತನನ್ನು ನೋಡಿದೆ
113,ನಾವು ಈಗ ಕೆಲಸ ಮುಗಿಸಿದ್ದೆವು,ನಾವು ಈಗ ಕೆಲಸ ಮುಗಿಸುತ್ತಿದ್ದೇವೆ,Tense Error,ನಾವು ಈಗ ಕೆಲಸ ಮುಗಿಸಿದ್ದೆವು
114,ಅವಳು ನಿನ್ನೆ ಶಾಲೆಗೆ ಹೋಗುತ್ತಾಳೆ,ಅವಳು ನಿನ್ನೆ ಶಾಲೆಗೆ ಹೋದಳು,Tense Error,ಅವಳು ನಿನ್ನೆ ಶಾಲೆಗೆ ಹೋಗುತ್ತಾಳೆ
115,ಅವರು ಈಗ ಪ್ರಯಾಣ ಮಾಡಿದರು,ಅವರು ಈಗ ಪ್ರಯಾಣ ಮಾಡುತ್ತಿದ್ದಾರೆ,Tense Error,ಅವರು ಈಗ ಪ್ರಯಾಣ ಮಾಡಿದರು
116,ಅವನು ಮನೆ ಒಳಗೆ ಹೋಗಿದನು,ಅವನು ಮನೆಯೊಳಗೆ ಹೋದನು,Case Marker Error,ಅವನು ಮನೆ ಒಳಗೆ ಹೋಗಿದನು
117,ನಾನು ಅವಳಿಗೆ ಜೊತೆ ಬಂದೆ,ನಾನು ಅವಳ ಜೊತೆ ಬಂದೆ,Postposition Error,ನಾನು ಅವಳಿಗೆ ಜೊತೆ ಬಂದೆ
118,ಮಕ್ಕಳು ಮೈದಾನ ಆಟ ಆಡಿದರು,ಮಕ್ಕಳು ಮೈದಾನದಲ್ಲಿ ಆಟ ಆಡಿದರು,Postposition Error,ಮಕ್ಕಳು ಮೈದಾನ ಆಟ ಆಡಿದರು
119,ಅವಳು ಕಾಗದ ಮೇಜು ಇಟ್ಟಳು,ಅವಳು ಕಾಗದವನ್ನು ಮೇಜಿನ ಮೇಲೆ ಇಟ್ಟಳು,Case Marker Error,ಅವಳು ಕಾಗದ ಮೇಜು ಇಟ್ಟಳು
120,ನಾನು ಮನೆ ಹಿಂದೆ ನಿಂತಿದ್ದೆನು,ನಾನು ಮನೆಯ ಹಿಂದೆ ನಿಂತಿದ್ದೆನು,Case Marker Error,ನಾನು ಮನೆ ಹಿಂದೆ ನಿಂತಿದ್ದೆನು
121,ಅವನು ಬೇಗನೆ ನಡೆಯುತ್ತಾನೆನು,ಅವನು ಬೇಗನೆ ನಡೆಯುತ್ತಾನೆ,Extra Suffix,ಅವನು ಬೇಗನೆ ನಡೆಯುತ್ತಾನೆನು
122,ಅವಳು ಸುಂದರವಾಗಿ ಮಾತನಾಡುತ್ತಾಳೆನು,ಅವಳು ಸುಂದರವಾಗಿ ಮಾತನಾಡುತ್ತಾಳೆ,Extra Suffix,ಅವಳು ಸುಂದರವಾಗಿ ಮಾತನಾಡುತ್ತಾಳೆನು
123,ನಾನು ಕೆಲಸ ಮಾಡುತ್ತೇನೆನು,ನಾನು ಕೆಲಸ ಮಾಡುತ್ತೇನೆ,Extra Suffix,ನಾನು ಕೆಲಸ ಮಾಡುತ್ತೇನೆನು
124,ನಾವು ಊಟ ಮುಗಿಸಿದ್ದೇವೆನು,ನಾವು ಊಟ ಮುಗಿಸಿದ್ದೇವೆ,Extra Suffix,ನಾವು ಊಟ ಮುಗಿಸಿದ್ದೇವೆನು
125,ಅವರು ಕಥೆ ಹೇಳಿದರುನು,ಅವರು ಕಥೆ ಹೇಳಿದರು,Extra Suffix,ಅವರು ಕಥೆ ಹೇಳಿದರುನು
126,ಅವನು ಬಸ್ ಹಿಡಿದಳು,ಅವನು ಬಸ್ ಹಿಡಿದನು,Gender Agreement,ಅವನು ಬಸ್ ಹಿಡಿದಳು
127,ಅವಳು ಪತ್ರ ಕಳುಹಿಸಿದನು,ಅವಳು ಪತ್ರ ಕಳುಹಿಸಿದಳು,Gender Agreement,ಅವಳು ಪತ್ರ ಕಳುಹಿಸಿದನು
128,ನಾನು ಚಹಾ ಕುಡಿದನು,ನಾನು ಚಹಾ ಕುಡಿದೆ,Person Agreement,ನಾನು ಚಹಾ ಕುಡಿದನು
129,ನಾವು ಚಿತ್ರ ತೆಗೆದನು,ನಾವು ಚಿತ್ರ ತೆಗೆದೆವು,Number Agreement,ನಾವು ಚಿತ್ರ ತೆಗೆದನು
130,ಮಕ್ಕಳು ಹಾಡು ಹಾಡಿದನು,ಮಕ್ಕಳು ಹಾಡು ಹಾಡಿದರು,Number Agreement,ಮಕ್ಕಳು ಹಾಡು ಹಾಡಿದನು
131,ನದಿ ಸಮುದ್ರ ಸೇರುವನು,ನದಿ ಸಮುದ್ರ ಸೇರುತ್ತದೆ,Neuter Agreement,ನದಿ ಸಮುದ್ರ ಸೇರುವನು
132,ಮರ ನೆರಳು ನೀಡಿದನು,ಮರ ನೆರಳು ನೀಡಿತು,Neuter Agreement,ಮರ ನೆರಳು ನೀಡಿದನು
133,ಹೂ ತಾಜಾಗಿ ಅರಳಿದನು,ಹೂ ತಾಜಾಗಿ ಅರಳಿತು,Neuter Agreement,ಹೂ ತಾಜಾಗಿ ಅರಳಿದನು
134,ಹಣ್ಣು ನೆಲದಲ್ಲಿ ಉರುಳಿದನು,ಹಣ್ಣು ನೆಲದಲ್ಲಿ ಉರುಳಿತು,Neuter Agreement,ಹಣ್ಣು ನೆಲದಲ್ಲಿ ಉರುಳಿದನು
135,ಸ್ವರ ದೂರದಿಂದ ಕೇಳಿಸಿದನು,ಸ್ವರ ದೂರದಿಂದ ಕೇಳಿಸಿತು,Neuter Agreement,ಸ್ವರ ದೂರದಿಂದ ಕೇಳಿಸಿದನು
136,ಅವನು ಈಗ ಮನೆ ತಲುಪಿದನು,ಅವನು ಈಗ ಮನೆ ತಲುಪುತ್ತಿದ್ದಾನೆ,Tense Error,ಅವನು ಈಗ ಮನೆ ತಲುಪಿದನು
137,ನಾನು ನಿನ್ನೆ ಚಿತ್ರ ಬಿಡಿಸುತ್ತೇನೆ,ನಾನು ನಿನ್ನೆ ಚಿತ್ರ ಬಿಡಿಸಿದೆ,Tense Error,ನಾನು ನಿನ್ನೆ ಚಿತ್ರ ಬಿಡಿಸುತ್ತೇನೆ
138,ನಾವು ಈಗ ಆಟ ಆಡಿದೆವು,ನಾವು ಈಗ ಆಟ ಆಡುತ್ತಿದ್ದೇವೆ,Tense Error,ನಾವು ಈಗ ಆಟ ಆಡಿದೆವು
139,ಅವಳು ನಾಳೆ ಪ್ರಯಾಣ ಮಾಡಿದಳು,ಅವಳು ನಾಳೆ ಪ್ರಯಾಣ ಮಾಡುತ್ತಾಳೆ,Tense Error,ಅವಳು ನಾಳೆ ಪ್ರಯಾಣ ಮಾಡಿದಳು
140,ಅವರು ಈಗ ಮನೆಗೆ ಹೋದರು,ಅವರು ಈಗ ಮನೆಗೆ ಹೋಗುತ್ತಿದ್ದಾರೆ,Tense Error,ಅವರು ಈಗ ಮನೆಗೆ ಹೋದರು
141,ಅವನು ಶಾಲೆ ಒಳಗೆ ನಿಂತನು,ಅವನು ಶಾಲೆಯೊಳಗೆ ನಿಂತನು,Case Marker Error,ಅವನು ಶಾಲೆ ಒಳಗೆ ನಿಂತನು
142,ನಾನು ಸ್ನೇಹಿತ ಜೊತೆ ಮಾತನಾಡಿದೆ,ನಾನು ಸ್ನೇಹಿತನ ಜೊತೆ ಮಾತನಾಡಿದೆ,Case Marker Error,ನಾನು ಸ್ನೇಹಿತ ಜೊತೆ ಮಾತನಾಡಿದೆ
143,ಮಕ್ಕಳು ತೋಟ ಓಡಿದರು,ಮಕ್ಕಳು ತೋಟದಲ್ಲಿ ಓಡಿದರು,Postposition Error,ಮಕ್ಕಳು ತೋಟ ಓಡಿದರು
144,ಅವಳು ಪುಸ್ತಕ ಬ್ಯಾಗ್ ಇಟ್ಟಳು,ಅವಳು ಪುಸ್ತಕವನ್ನು ಬ್ಯಾಗ್‌ನಲ್ಲಿ ಇಟ್ಟಳು,Case Marker Error,ಅವಳು ಪುಸ್ತಕ ಬ್ಯಾಗ್ ಇಟ್ಟಳು
145,ನಾನು ಮನೆ ಮುಂದೆ ನಿಂತಿದ್ದೆನು,ನಾನು ಮನೆಯ ಮುಂದೆ ನಿಂತಿದ್ದೆನು,Case Marker Error,ನಾನು ಮನೆ ಮುಂದೆ ನಿಂತಿದ್ದೆನು
146,ಅವನು ನಿಧಾನವಾಗಿ ಓಡುತ್ತಾನೆನು,ಅವನು ನಿಧಾನವಾಗಿ ಓಡುತ್ತಾನೆ,Extra Suffix,ಅವನು ನಿಧಾನವಾಗಿ ಓಡುತ್ತಾನೆನು
147,ಅವಳು ಮೃದುವಾಗಿ ಹಾಡುತ್ತಾಳೆನು,ಅವಳು ಮೃದುವಾಗಿ ಹಾಡುತ್ತಾಳೆ,Extra Suffix,ಅವಳು ಮೃದುವಾಗಿ ಹಾಡುತ್ತಾಳೆನು
148,ನಾನು ಪತ್ರ ಬರೆಯುತ್ತೇನೆನು,ನಾನು ಪತ್ರ ಬರೆಯುತ್ತೇನೆ,Extra Suffix,ನಾನು ಪತ್ರ ಬರೆಯುತ್ತೇನೆನು
149,ನಾವು ಕೆಲಸ ಮುಗಿಸಿದ್ದೇವೆನು,ನಾವು ಕೆಲಸ ಮುಗಿಸಿದ್ದೇವೆ,Extra Suffix,ನಾವು ಕೆಲಸ ಮುಗಿಸಿದ್ದೇವೆನು
150,ಅವರು ಮನೆ ಕಟ್ಟಿದರುನು,ಅವರು ಮನೆ ಕಟ್ಟಿದರು,Extra Suffix,ಅವರು ಮನೆ ಕಟ್ಟಿದರುನು
151,ರಮೇಶ್ ಊರಿಗೆ ಹೋದಳು,ರಮೇಶ್ ಊರಿಗೆ ಹೋದನು,Gender Agreement,ರಮೇಶ್ ಊರಿಗೆ ಹೋದಳು
152,ಶಿಲ್ಪಾ ಕಾಗದ ಕತ್ತರಿಸಿದನು,ಶಿಲ್ಪಾ ಕಾಗದ ಕತ್ತರಿಸಿದಳು,Gender Agreement,ಶಿಲ್ಪಾ ಕಾಗದ ಕತ್ತರಿಸಿದನು
153,ನಾನು ಸ್ನೇಹಿತನಿಗೆ ಕರೆ ಮಾಡಿದನು,ನಾನು ಸ್ನೇಹಿತನಿಗೆ ಕರೆ ಮಾಡಿದೆ,Person Agreement,ನಾನು ಸ್ನೇಹಿತನಿಗೆ ಕರೆ ಮಾಡಿದನು
154,ನಾವು ಹಾಡು ಕೇಳಿದನು,ನಾವು ಹಾಡು ಕೇಳಿದೆವು,Number Agreement,ನಾವು ಹಾಡು ಕೇಳಿದನು
155,ವಿದ್ಯಾರ್ಥಿಗಳು ಉತ್ತರ ಬರೆದನು,ವಿದ್ಯಾರ್ಥಿಗಳು ಉತ್ತರ ಬರೆದರು,Number Agreement,ವಿದ್ಯಾರ್ಥಿಗಳು ಉತ್ತರ ಬರೆದನು
156,ನದಿ ತೀರ ತಲುಪಿದನು,ನದಿ ತೀರ ತಲುಪಿತು,Neuter Agreement,ನದಿ ತೀರ ತಲುಪಿದನು
157,ಮರ ಗಾಳಿಯಲ್ಲಿ ಬಾಗಿದನು,ಮರ ಗಾಳಿಯಲ್ಲಿ ಬಾಗಿತು,Neuter Agreement,ಮರ ಗಾಳಿಯಲ್ಲಿ ಬಾಗಿದನು
158,ಹೂ ನಿಧಾನವಾಗಿ ಮುಚ್ಚಿದನು,ಹೂ ನಿಧಾನವಾಗಿ ಮುಚ್ಚಿತು,Neuter Agreement,ಹೂ ನಿಧಾನವಾಗಿ ಮುಚ್ಚಿದನು
159,ಹಣ್ಣು ಮರದಿಂದ ಬಿದ್ದನು,ಹಣ್ಣು ಮರದಿಂದ ಬಿತ್ತು,Neuter Agreement,ಹಣ್ಣು ಮರದಿಂದ ಬಿದ್ದನು
160,ಸ್ವರ ನಿಧಾನವಾಗಿ ಕಡಿಮೆಯಾದನು,ಸ್ವರ ನಿಧಾನವಾಗಿ ಕಡಿಮೆಯಾಯಿತು,Neuter Agreement,ಸ್ವರ ನಿಧಾನವಾಗಿ ಕಡಿಮೆಯಾದನು
161,ಅವನು ನಿನ್ನೆ ಕೆಲಸ ಮಾಡುತ್ತಾನೆ,ಅವನು ನಿನ್ನೆ ಕೆಲಸ ಮಾಡಿದನು,Tense Error,ಅವನು ನಿನ್ನೆ ಕೆಲಸ ಮಾಡುತ್ತಾನೆ
162,ನಾನು ನಾಳೆ ಮಾರುಕಟ್ಟೆಗೆ ಹೋದೆ,ನಾನು ನಾಳೆ ಮಾರುಕಟ್ಟೆಗೆ ಹೋಗುತ್ತೇನೆ,Tense Error,ನಾನು ನಾಳೆ ಮಾರುಕಟ್ಟೆಗೆ ಹೋದೆ
163,ನಾವು ಈಗ ಚಿತ್ರ ನೋಡಿದೆವು,ನಾವು ಈಗ ಚಿತ್ರ ನೋಡುತ್ತಿದ್ದೇವೆ,Tense Error,ನಾವು ಈಗ ಚಿತ್ರ ನೋಡಿದೆವು
164,ಅವಳು ನಿನ್ನೆ ಮನೆ ಸ್ವಚ್ಛ ಮಾಡುತ್ತಾಳೆ,ಅವಳು ನಿನ್ನೆ ಮನೆ ಸ್ವಚ್ಛ ಮಾಡಿದ್ದಳು,Tense Error,ಅವಳು ನಿನ್ನೆ ಮನೆ ಸ್ವಚ್ಛ ಮಾಡುತ್ತಾಳೆ
165,ಅವರು ಈಗ ಪುಸ್ತಕ ಓದಿದರು,ಅವರು ಈಗ ಪುಸ್ತಕ ಓದುತ್ತಿದ್ದಾರೆ,Tense Error,ಅವರು ಈಗ ಪುಸ್ತಕ ಓದಿದರು
166,ಅವನು ಮನೆ ಹೊರಗೆ ನಿಂತನು,ಅವನು ಮನೆಯ ಹೊರಗೆ ನಿಂತನು,Case Marker Error,ಅವನು ಮನೆ ಹೊರಗೆ ನಿಂತನು
167,ನಾನು ಅವಳಿಗೆ ಜೊತೆ ನಿಂತೆ,ನಾನು ಅವಳ ಜೊತೆ ನಿಂತೆ,Postposition Error,ನಾನು ಅವಳಿಗೆ ಜೊತೆ ನಿಂತೆ
168,ಮಕ್ಕಳು ಶಾಲೆ ಓಡಿದರು,ಮಕ್ಕಳು ಶಾಲೆಯಲ್ಲಿ ಓಡಿದರು,Postposition Error,ಮಕ್ಕಳು ಶಾಲೆ ಓಡಿದರು
169,ಅವಳು ಚೀಲ ಮೇಜು ಇಟ್ಟಳು,ಅವಳು ಚೀಲವನ್ನು ಮೇಜಿನ ಮೇಲೆ ಇಟ್ಟಳು,Case Marker Error,ಅವಳು ಚೀಲ ಮೇಜು ಇಟ್ಟಳು
170,ನಾನು ಮನೆ ಬಳಿ ನಿಂತಿದ್ದೆನು,ನಾನು ಮನೆಯ ಬಳಿ ನಿಂತಿದ್ದೆನು,Case Marker Error,ನಾನು ಮನೆ ಬಳಿ ನಿಂತಿದ್ದೆನು
171,ಅವನು ಬೇಗ ಓಡುತ್ತಾನೆನು,ಅವನು ಬೇಗ ಓಡುತ್ತಾನೆ,Extra Suffix,ಅವನು ಬೇಗ ಓಡುತ್ತಾನೆನು
172,ಅವಳು ನಿಧಾನವಾಗಿ ಮಾತನಾಡುತ್ತಾಳೆನು,ಅವಳು ನಿಧಾನವಾಗಿ ಮಾತನಾಡುತ್ತಾಳೆ,Extra Suffix,ಅವಳು ನಿಧಾನವಾಗಿ ಮಾತನಾಡುತ್ತಾಳೆನು
173,ನಾನು ಕಥೆ ಬರೆಯುತ್ತೇನೆನು,ನಾನು ಕಥೆ ಬರೆಯುತ್ತೇನೆ,Extra Suffix,ನಾನು ಕಥೆ ಬರೆಯುತ್ತೇನೆನು
174,ನಾವು ಕೆಲಸ ಮುಗಿಸಿದ್ದೇವೆನು,ನಾವು ಕೆಲಸ ಮುಗಿಸಿದ್ದೇವೆ,Extra Suffix,ನಾವು ಕೆಲಸ ಮುಗಿಸಿದ್ದೇವೆನು
175,ಅವರು ಕಥೆ ಹೇಳಿದರುನು,ಅವರು ಕಥೆ ಹೇಳಿದರು,Extra Suffix,ಅವರು ಕಥೆ ಹೇಳಿದರುನು
176,ಅವನು ಸ್ನೇಹಿತನನ್ನು ಕರೆ ಮಾಡಿದಳು,ಅವನು ಸ್ನೇಹಿತನನ್ನು ಕರೆ ಮಾಡಿದನು,Gender Agreement,ಅವನು ಸ್ನೇಹಿತನನ್ನು ಕರೆ ಮಾಡಿದಳು
177,ಅವಳು ಪತ್ರ ಓದಿದನು,ಅವಳು ಪತ್ರ ಓದಿದಳು,Gender Agreement,ಅವಳು ಪತ್ರ ಓದಿದನು
178,ನಾನು ಕಾಫಿ ಕುಡಿದನು,ನಾನು ಕಾಫಿ ಕುಡಿದೆ,Person Agreement,ನಾನು ಕಾಫಿ ಕುಡಿದನು
179,ನಾವು ಕಥೆ ಕೇಳಿದನು,ನಾವು ಕಥೆ ಕೇಳಿದೆವು,Number Agreement,ನಾವು ಕಥೆ ಕೇಳಿದನು
180,ಮಕ್ಕಳು ಆಟ ಗೆದ್ದನು,ಮಕ್ಕಳು ಆಟ ಗೆದ್ದರು,Number Agreement,ಮಕ್ಕಳು ಆಟ ಗೆದ್ದನು
181,ನದಿ ಗಟ್ಟಿಯಾಗಿ ಹರಿದನು,ನದಿ ಗಟ್ಟಿಯಾಗಿ ಹರಿತು,Neuter Agreement,ನದಿ ಗಟ್ಟಿಯಾಗಿ ಹರಿದನು
182,ಮರ ಎತ್ತರವಾಗಿ ಬೆಳೆದನು,ಮರ ಎತ್ತರವಾಗಿ ಬೆಳೆದಿತು,Neuter Agreement,ಮರ ಎತ್ತರವಾಗಿ ಬೆಳೆದನು
183,ಹೂ ಸುಗಂಧ ನೀಡಿದನು,ಹೂ ಸುಗಂಧ ನೀಡಿತು,Neuter Agreement,ಹೂ ಸುಗಂಧ ನೀಡಿದನು
184,ಹಣ್ಣು ನೆಲದಲ್ಲಿ ಬಿದ್ದನು,ಹಣ್ಣು ನೆಲದಲ್ಲಿ ಬಿತ್ತು,Neuter Agreement,ಹಣ್ಣು ನೆಲದಲ್ಲಿ ಬಿದ್ದನು
185,ಸ್ವರ ದೂರ ಕೇಳಿಸಿದನು,ಸ್ವರ ದೂರ ಕೇಳಿಸಿತು,Neuter Agreement,ಸ್ವರ ದೂರ ಕೇಳಿಸಿದನು
186,ಅವನು ಈಗ ಸ್ನೇಹಿತನನ್ನು ನೋಡಿದನು,ಅವನು ಈಗ ಸ್ನೇಹಿತನನ್ನು ನೋಡುತ್ತಿದ್ದಾನೆ,Tense Error,ಅವನು ಈಗ ಸ್ನೇಹಿತನನ್ನು ನೋಡಿದನು
187,ನಾನು ನಿನ್ನೆ ಮಾರುಕಟ್ಟೆಗೆ ಹೋಗುತ್ತೇನೆ,ನಾನು ನಿನ್ನೆ ಮಾರುಕಟ್ಟೆಗೆ ಹೋದೆ,Tense Error,ನಾನು ನಿನ್ನೆ ಮಾರುಕಟ್ಟೆಗೆ ಹೋಗುತ್ತೇನೆ
188,ನಾವು ಈಗ ಕೆಲಸ ಮುಗಿಸಿದೆವು,ನಾವು ಈಗ ಕೆಲಸ ಮುಗಿಸುತ್ತಿದ್ದೇವೆ,Tense Error,ನಾವು ಈಗ ಕೆಲಸ ಮುಗಿಸಿದೆವು
189,ಅವಳು ನಾಳೆ ಶಾಲೆಗೆ ಹೋದಳು,ಅವಳು ನಾಳೆ ಶಾಲೆಗೆ ಹೋಗುತ್ತಾಳೆ,Tense Error,ಅವಳು ನಾಳೆ ಶಾಲೆಗೆ ಹೋದಳು
190,ಅವರು ಈಗ ಮನೆಗೆ ಬಂದರು,ಅವರು ಈಗ ಮನೆಗೆ ಬರುತ್ತಿದ್ದಾರೆ,Tense Error,ಅವರು ಈಗ ಮನೆಗೆ ಬಂದರು
191,ಅವನು ಶಾಲೆ ಬಳಿ ನಿಂತನು,ಅವನು ಶಾಲೆಯ ಬಳಿ ನಿಂತನು,Case Marker Error,ಅವನು ಶಾಲೆ ಬಳಿ ನಿಂತನು
192,ನಾನು ಸ್ನೇಹಿತ ಜೊತೆ ಓಡಿದೆ,ನಾನು ಸ್ನೇಹಿತನ ಜೊತೆ ಓಡಿದೆ,Case Marker Error,ನಾನು ಸ್ನೇಹಿತ ಜೊತೆ ಓಡಿದೆ
193,ಮಕ್ಕಳು ತೋಟ ಆಡಿದರು,ಮಕ್ಕಳು ತೋಟದಲ್ಲಿ ಆಡಿದರು,Postposition Error,ಮಕ್ಕಳು ತೋಟ ಆಡಿದರು
194,ಅವಳು ಪುಸ್ತಕ ಚೀಲ ಇಟ್ಟಳು,ಅವಳು ಪುಸ್ತಕವನ್ನು ಚೀಲದಲ್ಲಿ ಇಟ್ಟಳು,Case Marker Error,ಅವಳು ಪುಸ್ತಕ ಚೀಲ ಇಟ್ಟಳು
195,ನಾನು ಮನೆ ಮುಂದೆ ಕುಳಿತಿದ್ದೆನು,ನಾನು ಮನೆಯ ಮುಂದೆ ಕುಳಿತಿದ್ದೆನು,Case Marker Error,ನಾನು ಮನೆ ಮುಂದೆ ಕುಳಿತಿದ್ದೆನು
196,ಅವನು ನಿಧಾನವಾಗಿ ನಡೆಯುತ್ತಾನೆನು,ಅವನು ನಿಧಾನವಾಗಿ ನಡೆಯುತ್ತಾನೆ,Extra Suffix,ಅವನು ನಿಧಾನವಾಗಿ ನಡೆಯುತ್ತಾನೆನು
197,ಅವಳು ಮೃದುವಾಗಿ ಮಾತನಾಡುತ್ತಾಳೆನು,ಅವಳು ಮೃದುವಾಗಿ ಮಾತನಾಡುತ್ತಾಳೆ,Extra Suffix,ಅವಳು ಮೃದುವಾಗಿ ಮಾತನಾಡುತ್ತಾಳೆನು
198,ನಾನು ಪತ್ರ ಕಳುಹಿಸುತ್ತೇನೆನು,ನಾನು ಪತ್ರ ಕಳುಹಿಸುತ್ತೇನೆ,Extra Suffix,ನಾನು ಪತ್ರ ಕಳುಹಿಸುತ್ತೇನೆನು
199,ನಾವು ಕೆಲಸ ಮುಗಿಸಿದ್ದೇವೆನು,ನಾವು ಕೆಲಸ ಮುಗಿಸಿದ್ದೇವೆ,Extra Suffix,ನಾವು ಕೆಲಸ ಮುಗಿಸಿದ್ದೇವೆನು
200,ಅವರು ಮನೆ ತಲುಪಿದರುನು,ಅವರು ಮನೆ ತಲುಪಿದರು,Extra Suffix,ಅವರು ಮನೆ ತಲುಪಿದರುನು
201,ಅನಿಲ್ ಶಾಲೆಗೆ ಹೋದಳು,ಅನಿಲ್ ಶಾಲೆಗೆ ಹೋದನು,Gender Agreement,ಅನಿಲ್ ಶಾಲೆಗೆ ಹೋದಳು
202,ಮೀನಾಕ್ಷಿ ಪತ್ರ ಬರೆಯುತ್ತಾನೆ,ಮೀನಾಕ್ಷಿ ಪತ್ರ ಬರೆಯುತ್ತಾಳೆ,Gender Agreement,ಮೀನಾಕ್ಷಿ ಪತ್ರ ಬರೆಯುತ್ತಾನೆ
203,ನಾನು ಸ್ನೇಹಿತನಿಗೆ ಸಹಾಯ ಮಾಡಿದನು,ನಾನು ಸ್ನೇಹಿತನಿಗೆ ಸಹಾಯ ಮಾಡಿದೆ,Person Agreement,ನಾನು ಸ್ನೇಹಿತನಿಗೆ ಸಹಾಯ ಮಾಡಿದನು
204,ನಾವು ಊರಿಗೆ ಹೋಗಿದನು,ನಾವು ಊರಿಗೆ ಹೋದೆವು,Number Agreement,ನಾವು ಊರಿಗೆ ಹೋಗಿದನು
205,ಮಕ್ಕಳು ಚಿತ್ರ ಬಿಡಿಸಿದನು,ಮಕ್ಕಳು ಚಿತ್ರ ಬಿಡಿಸಿದರು,Number Agreement,ಮಕ್ಕಳು ಚಿತ್ರ ಬಿಡಿಸಿದನು
206,ನದಿ ವೇಗವಾಗಿ ಹರಿದನು,ನದಿ ವೇಗವಾಗಿ ಹರಿತು,Neuter Agreement,ನದಿ ವೇಗವಾಗಿ ಹರಿದನು
207,ಮರ ಎತ್ತರವಾಗಿ ಕಾಣಿಸಿದನು,ಮರ ಎತ್ತರವಾಗಿ ಕಾಣಿಸಿತು,Neuter Agreement,ಮರ ಎತ್ತರವಾಗಿ ಕಾಣಿಸಿದನು
208,ಹೂ ತೋಟದಲ್ಲಿ ಅರಳಿದನು,ಹೂ ತೋಟದಲ್ಲಿ ಅರಳಿತು,Neuter Agreement,ಹೂ ತೋಟದಲ್ಲಿ ಅರಳಿದನು
209,ಹಣ್ಣು ನೆಲದಲ್ಲಿ ಬಿದ್ದನು,ಹಣ್ಣು ನೆಲದಲ್ಲಿ ಬಿತ್ತು,Neuter Agreement,ಹಣ್ಣು ನೆಲದಲ್ಲಿ ಬಿದ್ದನು
210,ಸ್ವರ ದೂರದಿಂದ ಕೇಳಿಸಿದನು,ಸ್ವರ ದೂರದಿಂದ ಕೇಳಿಸಿತು,Neuter Agreement,ಸ್ವರ ದೂರದಿಂದ ಕೇಳಿಸಿದನು
211,ಅವನು ನಿನ್ನೆ ಮಾರುಕಟ್ಟೆಗೆ ಹೋಗುತ್ತಾನೆ,ಅವನು ನಿನ್ನೆ ಮಾರುಕಟ್ಟೆಗೆ ಹೋದನು,Tense Error,ಅವನು ನಿನ್ನೆ ಮಾರುಕಟ್ಟೆಗೆ ಹೋಗುತ್ತಾನೆ
212,ನಾನು ನಾಳೆ ಮನೆಗೆ ಬಂದೆ,ನಾನು ನಾಳೆ ಮನೆಗೆ ಬರುತ್ತೇನೆ,Tense Error,ನಾನು ನಾಳೆ ಮನೆಗೆ ಬಂದೆ
213,ನಾವು ಈಗ ಚಿತ್ರ ನೋಡಿದೆವು,ನಾವು ಈಗ ಚಿತ್ರ ನೋಡುತ್ತಿದ್ದೇವೆ,Tense Error,ನಾವು ಈಗ ಚಿತ್ರ ನೋಡಿದೆವು
214,ಅವಳು ನಿನ್ನೆ ಸ್ನೇಹಿತನನ್ನು ನೋಡುತ್ತಾಳೆ,ಅವಳು ನಿನ್ನೆ ಸ್ನೇಹಿತನನ್ನು ನೋಡಿದಳು,Tense Error,ಅವಳು ನಿನ್ನೆ ಸ್ನೇಹಿತನನ್ನು ನೋಡುತ್ತಾಳೆ
215,ಅವರು ಈಗ ಕೆಲಸ ಮಾಡಿದರು,ಅವರು ಈಗ ಕೆಲಸ ಮಾಡುತ್ತಿದ್ದಾರೆ,Tense Error,ಅವರು ಈಗ ಕೆಲಸ ಮಾಡಿದರು
216,ಅವನು ಮನೆ ಒಳಗೆ ನಿಂತನು,ಅವನು ಮನೆಯೊಳಗೆ ನಿಂತನು,Case Marker Error,ಅವನು ಮನೆ ಒಳಗೆ ನಿಂತನು
217,ನಾನು ಅವಳಿಗೆ ಜೊತೆ ಮಾತನಾಡಿದೆ,ನಾನು ಅವಳ ಜೊತೆ ಮಾತನಾಡಿದೆ,Postposition Error,ನಾನು ಅವಳಿಗೆ ಜೊತೆ ಮಾತನಾಡಿದೆ
218,ಮಕ್ಕಳು ಮೈದಾನ ಓಡಿದರು,ಮಕ್ಕಳು ಮೈದಾನದಲ್ಲಿ ಓಡಿದರು,Postposition Error,ಮಕ್ಕಳು ಮೈದಾನ ಓಡಿದರು
219,ಅವಳು ಪುಸ್ತಕ ಮೇಜು ಇಟ್ಟಳು,ಅವಳು ಪುಸ್ತಕವನ್ನು ಮೇಜಿನ ಮೇಲೆ ಇಟ್ಟಳು,Case Marker Error,ಅವಳು ಪುಸ್ತಕ ಮೇಜು ಇಟ್ಟಳು
220,ನಾನು ಮನೆ ಮುಂದೆ ನಿಂತೆನು,ನಾನು ಮನೆಯ ಮುಂದೆ ನಿಂತೆನು,Case Marker Error,ನಾನು ಮನೆ ಮುಂದೆ ನಿಂತೆನು
221,ಅವನು ನಿಧಾನವಾಗಿ ನಡೆಯುತ್ತಾನೆನು,ಅವನು ನಿಧಾನವಾಗಿ ನಡೆಯುತ್ತಾನೆ,Extra Suffix,ಅವನು ನಿಧಾನವಾಗಿ ನಡೆಯುತ್ತಾನೆನು
222,ಅವಳು ಸ್ಪಷ್ಟವಾಗಿ ಮಾತನಾಡುತ್ತಾಳೆನು,ಅವಳು ಸ್ಪಷ್ಟವಾಗಿ ಮಾತನಾಡುತ್ತಾಳೆ,Extra Suffix,ಅವಳು ಸ್ಪಷ್ಟವಾಗಿ ಮಾತನಾಡುತ್ತಾಳೆನು
223,ನಾನು ಪತ್ರ ಬರೆಯುತ್ತೇನೆನು,ನಾನು ಪತ್ರ ಬರೆಯುತ್ತೇನೆ,Extra Suffix,ನಾನು ಪತ್ರ ಬರೆಯುತ್ತೇನೆನು
224,ನಾವು ಕೆಲಸ ಮುಗಿಸಿದ್ದೇವೆನು,ನಾವು ಕೆಲಸ ಮುಗಿಸಿದ್ದೇವೆ,Extra Suffix,ನಾವು ಕೆಲಸ ಮುಗಿಸಿದ್ದೇವೆನು
225,ಅವರು ಕಥೆ ಹೇಳಿದರುನು,ಅವರು ಕಥೆ ಹೇಳಿದರು,Extra Suffix,ಅವರು ಕಥೆ ಹೇಳಿದರುನು
226,ಅವನು ಸ್ನೇಹಿತನನ್ನು ಕರೆ ಮಾಡಿದಳು,ಅವನು ಸ್ನೇಹಿತನನ್ನು ಕರೆ ಮಾಡಿದನು,Gender Agreement,ಅವನು ಸ್ನೇಹಿತನನ್ನು ಕರೆ ಮಾಡಿದಳು
227,ಅವಳು ಕಾಗದ ಕತ್ತರಿಸಿದನು,ಅವಳು ಕಾಗದ ಕತ್ತರಿಸಿದಳು,Gender Agreement,ಅವಳು ಕಾಗದ ಕತ್ತರಿಸಿದನು
228,ನಾನು ಕಾಫಿ ಕುಡಿದನು,ನಾನು ಕಾಫಿ ಕುಡಿದೆ,Person Agreement,ನಾನು ಕಾಫಿ ಕುಡಿದನು
229,ನಾವು ಹಾಡು ಕೇಳಿದನು,ನಾವು ಹಾಡು ಕೇಳಿದೆವು,Number Agreement,ನಾವು ಹಾಡು ಕೇಳಿದನು
230,ಮಕ್ಕಳು ಕಥೆ ಬರೆದನು,ಮಕ್ಕಳು ಕಥೆ ಬರೆದರು,Number Agreement,ಮಕ್ಕಳು ಕಥೆ ಬರೆದನು
231,ನದಿ ಸಮುದ್ರ ಸೇರುವನು,ನದಿ ಸಮುದ್ರ ಸೇರುತ್ತದೆ,Neuter Agreement,ನದಿ ಸಮುದ್ರ ಸೇರುವನು
232,ಮರ ಗಾಳಿಯಲ್ಲಿ ಬಾಗಿದನು,ಮರ ಗಾಳಿಯಲ್ಲಿ ಬಾಗಿತು,Neuter Agreement,ಮರ ಗಾಳಿಯಲ್ಲಿ ಬಾಗಿದನು
233,ಹೂ ನಿಧಾನವಾಗಿ ಮುಚ್ಚಿದನು,ಹೂ ನಿಧಾನವಾಗಿ ಮುಚ್ಚಿತು,Neuter Agreement,ಹೂ ನಿಧಾನವಾಗಿ ಮುಚ್ಚಿದನು
234,ಹಣ್ಣು ಮರದಿಂದ ಬಿದ್ದನು,ಹಣ್ಣು ಮರದಿಂದ ಬಿತ್ತು,Neuter Agreement,ಹಣ್ಣು ಮರದಿಂದ ಬಿದ್ದನು
235,ಸ್ವರ ನಿಧಾನವಾಗಿ ಕಡಿಮೆಯಾದನು,ಸ್ವರ ನಿಧಾನವಾಗಿ ಕಡಿಮೆಯಾಯಿತು,Neuter Agreement,ಸ್ವರ ನಿಧಾನವಾಗಿ ಕಡಿಮೆಯಾದನು
236,ಅವನು ಈಗ ಮನೆ ತಲುಪಿದನು,ಅವನು ಈಗ ಮನೆ ತಲುಪುತ್ತಿದ್ದಾನೆ,Tense Error,ಅವನು ಈಗ ಮನೆ ತಲುಪಿದನು
237,ನಾನು ನಿನ್ನೆ ಪತ್ರ ಬರೆಯುತ್ತೇನೆ,ನಾನು ನಿನ್ನೆ ಪತ್ರ ಬರೆದಿದ್ದೆ,Tense Error,ನಾನು ನಿನ್ನೆ ಪತ್ರ ಬರೆಯುತ್ತೇನೆ
238,ನಾವು ಈಗ ಕೆಲಸ ಮುಗಿಸಿದೆವು,ನಾವು ಈಗ ಕೆಲಸ ಮುಗಿಸುತ್ತಿದ್ದೇವೆ,Tense Error,ನಾವು ಈಗ ಕೆಲಸ ಮುಗಿಸಿದೆವು
239,ಅವಳು ನಾಳೆ ಶಾಲೆಗೆ ಹೋದಳು,ಅವಳು ನಾಳೆ ಶಾಲೆಗೆ ಹೋಗುತ್ತಾಳೆ,Tense Error,ಅವಳು ನಾಳೆ ಶಾಲೆಗೆ ಹೋದಳು
240,ಅವರು ಈಗ ಮನೆಗೆ ಬಂದರು,ಅವರು ಈಗ ಮನೆಗೆ ಬರುತ್ತಿದ್ದಾರೆ,Tense Error,ಅವರು ಈಗ ಮನೆಗೆ ಬಂದರು
241,ಅವನು ಶಾಲೆ ಬಳಿ ನಿಂತನು,ಅವನು ಶಾಲೆಯ ಬಳಿ ನಿಂತನು,Case Marker Error,ಅವನು ಶಾಲೆ ಬಳಿ ನಿಂತನು
242,ನಾನು ಸ್ನೇಹಿತ ಜೊತೆ ಓಡಿದೆ,ನಾನು ಸ್ನೇಹಿತನ ಜೊತೆ ಓಡಿದೆ,Case Marker Error,ನಾನು ಸ್ನೇಹಿತ ಜೊತೆ ಓಡಿದೆ
243,ಮಕ್ಕಳು ತೋಟ ಆಡಿದರು,ಮಕ್ಕಳು ತೋಟದಲ್ಲಿ ಆಡಿದರು,Postposition Error,ಮಕ್ಕಳು ತೋಟ ಆಡಿದರು
244,ಅವಳು ಚೀಲ ಮೇಜು ಇಟ್ಟಳು,ಅವಳು ಚೀಲವನ್ನು ಮೇಜಿನ ಮೇಲೆ ಇಟ್ಟಳು,Case Marker Error,ಅವಳು ಚೀಲ ಮೇಜು ಇಟ್ಟಳು
245,ನಾನು ಮನೆ ಹಿಂದೆ ಕುಳಿತಿದ್ದೆನು,ನಾನು ಮನೆಯ ಹಿಂದೆ ಕುಳಿತಿದ್ದೆನು,Case Marker Error,ನಾನು ಮನೆ ಹಿಂದೆ ಕುಳಿತಿದ್ದೆನು
246,ಅವನು ಬೇಗ ಓಡುತ್ತಾನೆನು,ಅವನು ಬೇಗ ಓಡುತ್ತಾನೆ,Extra Suffix,ಅವನು ಬೇಗ ಓಡುತ್ತಾನೆನು
247,ಅವಳು ನಿಧಾನವಾಗಿ ಹಾಡುತ್ತಾಳೆನು,ಅವಳು ನಿಧಾನವಾಗಿ ಹಾಡುತ್ತಾಳೆ,Extra Suffix,ಅವಳು ನಿಧಾನವಾಗಿ ಹಾಡುತ್ತಾಳೆನು
248,ನಾನು ಕಥೆ ಬರೆಯುತ್ತೇನೆನು,ನಾನು ಕಥೆ ಬರೆಯುತ್ತೇನೆ,Extra Suffix,ನಾನು ಕಥೆ ಬರೆಯುತ್ತೇನೆನು
249,ನಾವು ಕೆಲಸ ಮುಗಿಸಿದ್ದೇವೆನು,ನಾವು ಕೆಲಸ ಮುಗಿಸಿದ್ದೇವೆ,Extra Suffix,ನಾವು ಕೆಲಸ ಮುಗಿಸಿದ್ದೇವೆನು
250,ಅವರು ಮನೆ ಕಟ್ಟಿದರುನು,ಅವರು ಮನೆ ಕಟ್ಟಿದರು,Extra Suffix,ಅವರು ಮನೆ ಕಟ್ಟಿದರುನು
251,ರಾಹುಲ್ ಊರಿಗೆ ಹೋದಳು,ರಾಹುಲ್ ಊರಿಗೆ ಹೋದನು,Gender Agreement,ರಾಹುಲ್ ಊರಿಗೆ ಹೋದಳು
252,ಸವಿತಾ ಪತ್ರ ಓದಿದನು,ಸವಿತಾ ಪತ್ರ ಓದಿದಳು,Gender Agreement,ಸವಿತಾ ಪತ್ರ ಓದಿದನು
253,ನಾನು ಸ್ನೇಹಿತನಿಗೆ ಕರೆ ಮಾಡಿದನು,ನಾನು ಸ್ನೇಹಿತನಿಗೆ ಕರೆ ಮಾಡಿದೆ,Person Agreement,ನಾನು ಸ್ನೇಹಿತನಿಗೆ ಕರೆ ಮಾಡಿದನು
254,ನಾವು ಚಿತ್ರ ತೆಗೆದನು,ನಾವು ಚಿತ್ರ ತೆಗೆದೆವು,Number Agreement,ನಾವು ಚಿತ್ರ ತೆಗೆದನು
255,ವಿದ್ಯಾರ್ಥಿಗಳು ಪ್ರಶ್ನೆ ಕೇಳಿದನು,ವಿದ್ಯಾರ್ಥಿಗಳು ಪ್ರಶ್ನೆ ಕೇಳಿದರು,Number Agreement,ವಿದ್ಯಾರ್ಥಿಗಳು ಪ್ರಶ್ನೆ ಕೇಳಿದನು
256,ನದಿ ತೀರ ತಲುಪಿದನು,ನದಿ ತೀರ ತಲುಪಿತು,Neuter Agreement,ನದಿ ತೀರ ತಲುಪಿದನು
257,ಮರ ಎತ್ತರವಾಗಿ ಬೆಳೆದನು,ಮರ ಎತ್ತರವಾಗಿ ಬೆಳೆದಿತು,Neuter Agreement,ಮರ ಎತ್ತರವಾಗಿ ಬೆಳೆದನು
258,ಹೂ ಸುಗಂಧ ನೀಡಿದನು,ಹೂ ಸುಗಂಧ ನೀಡಿತು,Neuter Agreement,ಹೂ ಸುಗಂಧ ನೀಡಿದನು
259,ಹಣ್ಣು ನೆಲದಲ್ಲಿ ಉರುಳಿದನು,ಹಣ್ಣು ನೆಲದಲ್ಲಿ ಉರುಳಿತು,Neuter Agreement,ಹಣ್ಣು ನೆಲದಲ್ಲಿ ಉರುಳಿದನು
260,ಸ್ವರ ದೂರ ಕೇಳಿಸಿದನು,ಸ್ವರ ದೂರ ಕೇಳಿಸಿತು,Neuter Agreement,ಸ್ವರ ದೂರ ಕೇಳಿಸಿದನು
261,ಅವನು ನಿನ್ನೆ ಕೆಲಸ ಮಾಡುತ್ತಾನೆ,ಅವನು ನಿನ್ನೆ ಕೆಲಸ ಮಾಡಿದನು,Tense Error,ಅವನು ನಿನ್ನೆ ಕೆಲಸ ಮಾಡುತ್ತಾನೆ
262,ನಾನು ನಾಳೆ ಮಾರುಕಟ್ಟೆಗೆ ಹೋದೆ,ನಾನು ನಾಳೆ ಮಾರುಕಟ್ಟೆಗೆ ಹೋಗುತ್ತೇನೆ,Tense Error,ನಾನು ನಾಳೆ ಮಾರುಕಟ್ಟೆಗೆ ಹೋದೆ
263,ನಾವು ಈಗ ಚಿತ್ರ ನೋಡಿದೆವು,ನಾವು ಈಗ ಚಿತ್ರ ನೋಡುತ್ತಿದ್ದೇವೆ,Tense Error,ನಾವು ಈಗ ಚಿತ್ರ ನೋಡಿದೆವು
264,ಅವಳು ನಿನ್ನೆ ಮನೆ ಸ್ವಚ್ಛ ಮಾಡುತ್ತಾಳೆ,ಅವಳು ನಿನ್ನೆ ಮನೆ ಸ್ವಚ್ಛ ಮಾಡಿದ್ದಳು,Tense Error,ಅವಳು ನಿನ್ನೆ ಮನೆ ಸ್ವಚ್ಛ ಮಾಡುತ್ತಾಳೆ
265,ಅವರು ಈಗ ಪುಸ್ತಕ ಓದಿದರು,ಅವರು ಈಗ ಪುಸ್ತಕ ಓದುತ್ತಿದ್ದಾರೆ,Tense Error,ಅವರು ಈಗ ಪುಸ್ತಕ ಓದಿದರು
266,ಅವನು ಮನೆ ಹೊರಗೆ ನಿಂತನು,ಅವನು ಮನೆಯ ಹೊರಗೆ ನಿಂತನು,Case Marker Error,ಅವನು ಮನೆ ಹೊರಗೆ ನಿಂತನು
267,ನಾನು ಅವಳಿಗೆ ಜೊತೆ ನಿಂತೆ,ನಾನು ಅವಳ ಜೊತೆ ನಿಂತೆ,Postposition Error,ನಾನು ಅವಳಿಗೆ ಜೊತೆ ನಿಂತೆ
268,ಮಕ್ಕಳು ಶಾಲೆ ಓಡಿದರು,ಮಕ್ಕಳು ಶಾಲೆಯಲ್ಲಿ ಓಡಿದರು,Postposition Error,ಮಕ್ಕಳು ಶಾಲೆ ಓಡಿದರು
269,ಅವಳು ಚೀಲ ಮೇಜು ಇಟ್ಟಳು,ಅವಳು ಚೀಲವನ್ನು ಮೇಜಿನ ಮೇಲೆ ಇಟ್ಟಳು,Case Marker Error,ಅವಳು ಚೀಲ ಮೇಜು ಇಟ್ಟಳು
270,ನಾನು ಮನೆ ಬಳಿ ನಿಂತಿದ್ದೆನು,ನಾನು ಮನೆಯ ಬಳಿ ನಿಂತಿದ್ದೆನು,Case Marker Error,ನಾನು ಮನೆ ಬಳಿ ನಿಂತಿದ್ದೆನು
271,ಅವನು ನಿಧಾನವಾಗಿ ನಡೆಯುತ್ತಾನೆನು,ಅವನು ನಿಧಾನವಾಗಿ ನಡೆಯುತ್ತಾನೆ,Extra Suffix,ಅವನು ನಿಧಾನವಾಗಿ ನಡೆಯುತ್ತಾನೆನು
272,ಅವಳು ಮೃದುವಾಗಿ ಮಾತನಾಡುತ್ತಾಳೆನು,ಅವಳು ಮೃದುವಾಗಿ ಮಾತನಾಡುತ್ತಾಳೆ,Extra Suffix,ಅವಳು ಮೃದುವಾಗಿ ಮಾತನಾಡುತ್ತಾಳೆನು
273,ನಾನು ಪತ್ರ ಕಳುಹಿಸುತ್ತೇನೆನು,ನಾನು ಪತ್ರ ಕಳುಹಿಸುತ್ತೇನೆ,Extra Suffix,ನಾನು ಪತ್ರ ಕಳುಹಿಸುತ್ತೇನೆನು
274,ನಾವು ಕೆಲಸ ಮುಗಿಸಿದ್ದೇವೆನು,ನಾವು ಕೆಲಸ ಮುಗಿಸಿದ್ದೇವೆ,Extra Suffix,ನಾವು ಕೆಲಸ ಮುಗಿಸಿದ್ದೇವೆನು
275,ಅವರು ಮನೆ ತಲುಪಿದರುನು,ಅವರು ಮನೆ ತಲುಪಿದರು,Extra Suffix,ಅವರು ಮನೆ ತಲುಪಿದರುನು
276,ಅವನು ಸ್ನೇಹಿತನಿಗೆ ಸಹಾಯ ಮಾಡಿದಳು,ಅವನು ಸ್ನೇಹಿತನಿಗೆ ಸಹಾಯ ಮಾಡಿದನು,Gender Agreement,ಅವನು ಸ್ನೇಹಿತನಿಗೆ ಸಹಾಯ ಮಾಡಿದಳು
277,ಅವಳು ಪತ್ರ ಕಳುಹಿಸಿದನು,ಅವಳು ಪತ್ರ ಕಳುಹಿಸಿದಳು,Gender Agreement,ಅವಳು ಪತ್ರ ಕಳುಹಿಸಿದನು
278,ನಾನು ಕಾಫಿ ಮಾಡಿದ್ದಳು,ನಾನು ಕಾಫಿ ಮಾಡಿದೆ,Person Agreement,ನಾನು ಕಾಫಿ ಮಾಡಿದ್ದಳು
279,ನಾವು ಆಟ ಗೆದ್ದನು,ನಾವು ಆಟ ಗೆದ್ದೆವು,Number Agreement,ನಾವು ಆಟ ಗೆದ್ದನು
280,ಮಕ್ಕಳು ಹಾಡು ಹಾಡಿದನು,ಮಕ್ಕಳು ಹಾಡು ಹಾಡಿದರು,Number Agreement,ಮಕ್ಕಳು ಹಾಡು ಹಾಡಿದನು
281,ನದಿ ನಿಧಾನವಾಗಿ ಹರಿದನು,ನದಿ ನಿಧಾನವಾಗಿ ಹರಿತು,Neuter Agreement,ನದಿ ನಿಧಾನವಾಗಿ ಹರಿದನು
282,ಮರ ನೆರಳು ನೀಡಿದನು,ಮರ ನೆರಳು ನೀಡಿತು,Neuter Agreement,ಮರ ನೆರಳು ನೀಡಿದನು
283,ಹೂ ಬೆಳಿಗ್ಗೆ ಅರಳಿದನು,ಹೂ ಬೆಳಿಗ್ಗೆ ಅರಳಿತು,Neuter Agreement,ಹೂ ಬೆಳಿಗ್ಗೆ ಅರಳಿದನು
284,ಹಣ್ಣು ನೆಲದಲ್ಲಿ ಬಿದ್ದನು,ಹಣ್ಣು ನೆಲದಲ್ಲಿ ಬಿತ್ತು,Neuter Agreement,ಹಣ್ಣು ನೆಲದಲ್ಲಿ ಬಿದ್ದನು
285,ಸ್ವರ ಸ್ಪಷ್ಟವಾಗಿ ಕೇಳಿಸಿದನು,ಸ್ವರ ಸ್ಪಷ್ಟವಾಗಿ ಕೇಳಿಸಿತು,Neuter Agreement,ಸ್ವರ ಸ್ಪಷ್ಟವಾಗಿ ಕೇಳಿಸಿದನು
286,ಅವನು ಈಗ ಸ್ನೇಹಿತನನ್ನು ನೋಡಿದನು,ಅವನು ಈಗ ಸ್ನೇಹಿತನನ್ನು ನೋಡುತ್ತಿದ್ದಾನೆ,Tense Error,ಅವನು ಈಗ ಸ್ನೇಹಿತನನ್ನು ನೋಡಿದನು
287,ನಾನು ನಿನ್ನೆ ಮಾರುಕಟ್ಟೆಗೆ ಹೋಗುತ್ತೇನೆ,ನಾನು ನಿನ್ನೆ ಮಾರುಕಟ್ಟೆಗೆ ಹೋದೆ,Tense Error,ನಾನು ನಿನ್ನೆ ಮಾರುಕಟ್ಟೆಗೆ ಹೋಗುತ್ತೇನೆ
288,ನಾವು ಈಗ ಕೆಲಸ ಮುಗಿಸಿದೆವು,ನಾವು ಈಗ ಕೆಲಸ ಮುಗಿಸುತ್ತಿದ್ದೇವೆ,Tense Error,ನಾವು ಈಗ ಕೆಲಸ ಮುಗಿಸಿದೆವು
289,ಅವಳು ನಾಳೆ ಶಾಲೆಗೆ ಹೋದಳು,ಅವಳು ನಾಳೆ ಶಾಲೆಗೆ ಹೋಗುತ್ತಾಳೆ,Tense Error,ಅವಳು ನಾಳೆ ಶಾಲೆಗೆ ಹೋದಳು
290,ಅವರು ಈಗ ಮನೆಗೆ ಬಂದರು,ಅವರು ಈಗ ಮನೆಗೆ ಬರುತ್ತಿದ್ದಾರೆ,Tense Error,ಅವರು ಈಗ ಮನೆಗೆ ಬಂದರು
291,ಅವನು ಶಾಲೆ ಬಳಿ ನಿಂತನು,ಅವನು ಶಾಲೆಯ ಬಳಿ ನಿಂತನು,Case Marker Error,ಅವನು ಶಾಲೆ ಬಳಿ ನಿಂತನು
292,ನಾನು ಸ್ನೇಹಿತ ಜೊತೆ ಓಡಿದೆ,ನಾನು ಸ್ನೇಹಿತನ ಜೊತೆ ಓಡಿದೆ,Case Marker Error,ನಾನು ಸ್ನೇಹಿತ ಜೊತೆ ಓಡಿದೆ
293,ಮಕ್ಕಳು ತೋಟ ಆಡಿದರು,ಮಕ್ಕಳು ತೋಟದಲ್ಲಿ ಆಡಿದರು,Postposition Error,ಮಕ್ಕಳು ತೋಟ ಆಡಿದರು
294,ಅವಳು ಪುಸ್ತಕ ಚೀಲ ಇಟ್ಟಳು,ಅವಳು ಪುಸ್ತಕವನ್ನು ಚೀಲದಲ್ಲಿ ಇಟ್ಟಳು,Case Marker Error,ಅವಳು ಪುಸ್ತಕ ಚೀಲ ಇಟ್ಟಳು
295,ನಾನು ಮನೆ ಮುಂದೆ ಕುಳಿತಿದ್ದೆನು,ನಾನು ಮನೆಯ ಮುಂದೆ ಕುಳಿತಿದ್ದೆನು,Case Marker Error,ನಾನು ಮನೆ ಮುಂದೆ ಕುಳಿತಿದ್ದೆನು
296,ಅವನು ನಿಧಾನವಾಗಿ ನಡೆಯುತ್ತಾನೆನು,ಅವನು ನಿಧಾನವಾಗಿ ನಡೆಯುತ್ತಾನೆ,Extra Suffix,ಅವನು ನಿಧಾನವಾಗಿ ನಡೆಯುತ್ತಾನೆನು
297,ಅವಳು ಮೃದುವಾಗಿ ಮಾತನಾಡುತ್ತಾಳೆನು,ಅವಳು ಮೃದುವಾಗಿ ಮಾತನಾಡುತ್ತಾಳೆ,Extra Suffix,ಅವಳು ಮೃದುವಾಗಿ ಮಾತನಾಡುತ್ತಾಳೆನು
298,ನಾನು ಪತ್ರ ಕಳುಹಿಸುತ್ತೇನೆನು,ನಾನು ಪತ್ರ ಕಳುಹಿಸುತ್ತೇನೆ,Extra Suffix,ನಾನು ಪತ್ರ ಕಳುಹಿಸುತ್ತೇನೆನು
299,ನಾವು ಕೆಲಸ ಮುಗಿಸಿದ್ದೇವೆನು,ನಾವು ಕೆಲಸ ಮುಗಿಸಿದ್ದೇವೆ,Extra Suffix,ನಾವು ಕೆಲಸ ಮುಗಿಸಿದ್ದೇವೆನು
300,ಅವರು ಮನೆ ತಲುಪಿದರುನು,ಅವರು ಮನೆ ತಲುಪಿದರು,Extra Suffix,ಅವರು ಮನೆ ತಲುಪಿದರುನು
301,ಅಜಯ್ ಬೆಳಗ್ಗೆ ಕಚೇರಿಗೆ ಹೋಗಿದಳು,ಅಜಯ್ ಬೆಳಗ್ಗೆ ಕಚೇರಿಗೆ ಹೋದನು,Gender Agreement,ಅಜಯ್ ಬೆಳಗ್ಗೆ ಕಚೇರಿಗೆ ಹೋಗಿದಳು
302,ಪ್ರಿಯಾ ಕಥೆ ಹೇಳಿದನು,ಪ್ರಿಯಾ ಕಥೆ ಹೇಳಿದಳು,Gender Agreement,ಪ್ರಿಯಾ ಕಥೆ ಹೇಳಿದನು
303,ನಾನು ಗುರುವನ್ನು ಭೇಟಿಯಾದನು,ನಾನು ಗುರುವನ್ನು ಭೇಟಿಯಾದೆ,Person Agreement,ನಾನು ಗುರುವನ್ನು ಭೇಟಿಯಾದನು
304,ನಾವು ಹೊಸ ಯೋಜನೆ ಆರಂಭಿಸಿದನು,ನಾವು ಹೊಸ ಯೋಜನೆ ಆರಂಭಿಸಿದೆವು,Number Agreement,ನಾವು ಹೊಸ ಯೋಜನೆ ಆರಂಭಿಸಿದನು
305,ಆಟಗಾರರು ಪಂದ್ಯ ಗೆದ್ದನು,ಆಟಗಾರರು ಪಂದ್ಯ ಗೆದ್ದರು,Number Agreement,ಆಟಗಾರರು ಪಂದ್ಯ ಗೆದ್ದನು
306,ನದಿ ಶಾಂತವಾಗಿ ಹರಿದನು,ನದಿ ಶಾಂತವಾಗಿ ಹರಿತು,Neuter Agreement,ನದಿ ಶಾಂತವಾಗಿ ಹರಿದನು
307,ಮರ ತೋಟದಲ್ಲಿ ಬೆಳೆದನು,ಮರ ತೋಟದಲ್ಲಿ ಬೆಳೆಯಿತು,Neuter Agreement,ಮರ ತೋಟದಲ್ಲಿ ಬೆಳೆದನು
308,ಹೂ ತೋಟದಲ್ಲಿ ಅರಳಿದನು,ಹೂ ತೋಟದಲ್ಲಿ ಅರಳಿತು,Neuter Agreement,ಹೂ ತೋಟದಲ್ಲಿ ಅರಳಿದನು
309,ಹಣ್ಣು ಕೊಂಬೆಯಿಂದ ಬಿದ್ದನು,ಹಣ್ಣು ಕೊಂಬೆಯಿಂದ ಬಿತ್ತು,Neuter Agreement,ಹಣ್ಣು ಕೊಂಬೆಯಿಂದ ಬಿದ್ದನು
310,ಸ್ವರ ವೇದಿಕೆಯಲ್ಲಿ ಕೇಳಿಸಿದನು,ಸ್ವರ ವೇದಿಕೆಯಲ್ಲಿ ಕೇಳಿಸಿತು,Neuter Agreement,ಸ್ವರ ವೇದಿಕೆಯಲ್ಲಿ ಕೇಳಿಸಿದನು
311,ಅವನು ನಿನ್ನೆ ಸಭೆಗೆ ಹೋಗುತ್ತಾನೆ,ಅವನು ನಿನ್ನೆ ಸಭೆಗೆ ಹೋದನು,Tense Error,ಅವನು ನಿನ್ನೆ ಸಭೆಗೆ ಹೋಗುತ್ತಾನೆ
312,ನಾನು ನಾಳೆ ನಗರಕ್ಕೆ ಹೋದೆ,ನಾನು ನಾಳೆ ನಗರಕ್ಕೆ ಹೋಗುತ್ತೇನೆ,Tense Error,ನಾನು ನಾಳೆ ನಗರಕ್ಕೆ ಹೋದೆ
313,ನಾವು ಈಗ ಯೋಜನೆ ಮುಗಿಸಿದೆವು,ನಾವು ಈಗ ಯೋಜನೆ ಮುಗಿಸುತ್ತಿದ್ದೇವೆ,Tense Error,ನಾವು ಈಗ ಯೋಜನೆ ಮುಗಿಸಿದೆವು
314,ಅವಳು ನಿನ್ನೆ ಸ್ನೇಹಿತನ ಮನೆಗೆ ಹೋಗುತ್ತಾಳೆ,ಅವಳು ನಿನ್ನೆ ಸ್ನೇಹಿತನ ಮನೆಗೆ ಹೋದಳು,Tense Error,ಅವಳು ನಿನ್ನೆ ಸ್ನೇಹಿತನ ಮನೆಗೆ ಹೋಗುತ್ತಾಳೆ
315,ಅವರು ಈಗ ಕೆಲಸ ಮಾಡಿದರು,ಅವರು ಈಗ ಕೆಲಸ ಮಾಡುತ್ತಿದ್ದಾರೆ,Tense Error,ಅವರು ಈಗ ಕೆಲಸ ಮಾಡಿದರು
316,ಅವನು ಶಾಲೆ ಮುಂದೆ ನಿಂತನು,ಅವನು ಶಾಲೆಯ ಮುಂದೆ ನಿಂತನು,Case Marker Error,ಅವನು ಶಾಲೆ ಮುಂದೆ ನಿಂತನು
317,ನಾನು ಸ್ನೇಹಿತ ಜೊತೆ ಕುಳಿತೆ,ನಾನು ಸ್ನೇಹಿತನ ಜೊತೆ ಕುಳಿತೆ,Case Marker Error,ನಾನು ಸ್ನೇಹಿತ ಜೊತೆ ಕುಳಿತೆ
318,ಮಕ್ಕಳು ಮೈದಾನ ಓಡಿದರು,ಮಕ್ಕಳು ಮೈದಾನದಲ್ಲಿ ಓಡಿದರು,Postposition Error,ಮಕ್ಕಳು ಮೈದಾನ ಓಡಿದರು
319,ಅವಳು ಪತ್ರ ಮೇಜು ಇಟ್ಟಳು,ಅವಳು ಪತ್ರವನ್ನು ಮೇಜಿನ ಮೇಲೆ ಇಟ್ಟಳು,Case Marker Error,ಅವಳು ಪತ್ರ ಮೇಜು ಇಟ್ಟಳು
320,ನಾನು ಮನೆ ಒಳಗೆ ನಿಂತಿದ್ದೆನು,ನಾನು ಮನೆಯೊಳಗೆ ನಿಂತಿದ್ದೆನು,Case Marker Error,ನಾನು ಮನೆ ಒಳಗೆ ನಿಂತಿದ್ದೆನು
321,ಅವನು ಬೇಗ ನಡೆಯುತ್ತಾನೆನು,ಅವನು ಬೇಗ ನಡೆಯುತ್ತಾನೆ,Extra Suffix,ಅವನು ಬೇಗ ನಡೆಯುತ್ತಾನೆನು
322,ಅವಳು ನಿಧಾನವಾಗಿ ಹಾಡುತ್ತಾಳೆನು,ಅವಳು ನಿಧಾನವಾಗಿ ಹಾಡುತ್ತಾಳೆ,Extra Suffix,ಅವಳು ನಿಧಾನವಾಗಿ ಹಾಡುತ್ತಾಳೆನು
323,ನಾನು ಕಥೆ ಓದುತ್ತೇನೆನು,ನಾನು ಕಥೆ ಓದುತ್ತೇನೆ,Extra Suffix,ನಾನು ಕಥೆ ಓದುತ್ತೇನೆನು
324,ನಾವು ಕೆಲಸ ಆರಂಭಿಸಿದ್ದೇವೆನು,ನಾವು ಕೆಲಸ ಆರಂಭಿಸಿದ್ದೇವೆ,Extra Suffix,ನಾವು ಕೆಲಸ ಆರಂಭಿಸಿದ್ದೇವೆನು
325,ಅವರು ಸಭೆ ನಡೆಸಿದರುನು,ಅವರು ಸಭೆ ನಡೆಸಿದರು,Extra Suffix,ಅವರು ಸಭೆ ನಡೆಸಿದರುನು
326,ವಿಕಾಸ್ ನಗರಕ್ಕೆ ಹೋದಳು,ವಿಕಾಸ್ ನಗರಕ್ಕೆ ಹೋದನು,Gender Agreement,ವಿಕಾಸ್ ನಗರಕ್ಕೆ ಹೋದಳು
327,ಆಶಾ ಚಿತ್ರ ಬಿಡಿಸಿದನು,ಆಶಾ ಚಿತ್ರ ಬಿಡಿಸಿದಳು,Gender Agreement,ಆಶಾ ಚಿತ್ರ ಬಿಡಿಸಿದನು
328,ನಾನು ಸ್ನೇಹಿತನಿಗೆ ಕರೆ ಮಾಡಿದನು,ನಾನು ಸ್ನೇಹಿತನಿಗೆ ಕರೆ ಮಾಡಿದೆ,Person Agreement,ನಾನು ಸ್ನೇಹಿತನಿಗೆ ಕರೆ ಮಾಡಿದನು
329,ನಾವು ಸ್ಪರ್ಧೆ ಗೆದ್ದನು,ನಾವು ಸ್ಪರ್ಧೆ ಗೆದ್ದೆವು,Number Agreement,ನಾವು ಸ್ಪರ್ಧೆ ಗೆದ್ದನು
330,ವಿದ್ಯಾರ್ಥಿಗಳು ಉತ್ತರ ಹೇಳಿದರುನು,ವಿದ್ಯಾರ್ಥಿಗಳು ಉತ್ತರ ಹೇಳಿದರು,Extra Suffix,ವಿದ್ಯಾರ್ಥಿಗಳು ಉತ್ತರ ಹೇಳಿದರುನು
331,ನದಿ ಸಮುದ್ರ ಸೇರಿದರು,ನದಿ ಸಮುದ್ರ ಸೇರಿತು,Neuter Agreement,ನದಿ ಸಮುದ್ರ ಸೇರಿದರು
332,ಮರ ಗಾಳಿಯಲ್ಲಿ ಅಲುಗಾಡಿದರು,ಮರ ಗಾಳಿಯಲ್ಲಿ ಅಲುಗಾಡಿತು,Neuter Agreement,ಮರ ಗಾಳಿಯಲ್ಲಿ ಅಲುಗಾಡಿದರು
333,ಹೂ ಬೆಳಿಗ್ಗೆ ಅರಳಿದರು,ಹೂ ಬೆಳಿಗ್ಗೆ ಅರಳಿತು,Neuter Agreement,ಹೂ ಬೆಳಿಗ್ಗೆ ಅರಳಿದರು
334,ಹಣ್ಣು ನೆಲದಲ್ಲಿ ಉರುಳಿದರು,ಹಣ್ಣು ನೆಲದಲ್ಲಿ ಉರುಳಿತು,Neuter Agreement,ಹಣ್ಣು ನೆಲದಲ್ಲಿ ಉರುಳಿದರು
335,ಹೂ ಸಂಜೆ ಮುಚ್ಚಿದನು,ಹೂ ಸಂಜೆ ಮುಚ್ಚಿತು,Neuter Agreement,ಹೂ ಸಂಜೆ ಮುಚ್ಚಿದನು
336,ಅವನು ನಿನ್ನೆ ಪುಸ್ತಕ ಓದುತ್ತಾನೆ,ಅವನು ನಿನ್ನೆ ಪುಸ್ತಕ ಓದಿದನು,Tense Error,ಅವನು ನಿನ್ನೆ ಪುಸ್ತಕ ಓದುತ್ತಾನೆ
337,ನಾನು ನಾಳೆ ಸ್ನೇಹಿತನನ್ನು ಭೇಟಿಯಾದೆ,ನಾನು ನಾಳೆ ಸ್ನೇಹಿತನನ್ನು ಭೇಟಿಯಾಗುತ್ತೇನೆ,Tense Error,ನಾನು ನಾಳೆ ಸ್ನೇಹಿತನನ್ನು ಭೇಟಿಯಾದೆ
338,ನಾವು ಈಗ ಮನೆ ಕಟ್ಟಿದೆವು,ನಾವು ಈಗ ಮನೆ ಕಟ್ಟುತ್ತಿದ್ದೇವೆ,Tense Error,ನಾವು ಈಗ ಮನೆ ಕಟ್ಟಿದೆವು
339,ಅವಳು ನಿನ್ನೆ ಕೆಲಸ ಮಾಡುತ್ತಾಳೆ,ಅವಳು ನಿನ್ನೆ ಕೆಲಸ ಮಾಡಿದಳು,Tense Error,ಅವಳು ನಿನ್ನೆ ಕೆಲಸ ಮಾಡುತ್ತಾಳೆ
340,ಅವರು ಈಗ ಕಚೇರಿಗೆ ಹೋದರು,ಅವರು ಈಗ ಕಚೇರಿಗೆ ಹೋಗುತ್ತಿದ್ದಾರೆ,Tense Error,ಅವರು ಈಗ ಕಚೇರಿಗೆ ಹೋದರು
341,ಅವನು ಮನೆ ಹಿಂದೆ ಕುಳಿತನು,ಅವನು ಮನೆಯ ಹಿಂದೆ ಕುಳಿತನು,Case Marker Error,ಅವನು ಮನೆ ಹಿಂದೆ ಕುಳಿತನು
342,ನಾನು ಸ್ನೇಹಿತ ಜೊತೆ ನಡೆದೆ,ನಾನು ಸ್ನೇಹಿತನ ಜೊತೆ ನಡೆದೆ,Case Marker Error,ನಾನು ಸ್ನೇಹಿತ ಜೊತೆ ನಡೆದೆ
343,ಮಕ್ಕಳು ಉದ್ಯಾನ ಓಡಿದರು,ಮಕ್ಕಳು ಉದ್ಯಾನದಲ್ಲಿ ಓಡಿದರು,Postposition Error,ಮಕ್ಕಳು ಉದ್ಯಾನ ಓಡಿದರು
344,ಅವಳು ಕಾಗದ ಚೀಲ ಇಟ್ಟಳು,ಅವಳು ಕಾಗದವನ್ನು ಚೀಲದಲ್ಲಿ ಇಟ್ಟಳು,Case Marker Error,ಅವಳು ಕಾಗದ ಚೀಲ ಇಟ್ಟಳು
345,ನಾನು ಊರು ಬಳಿ ನಿಂತಿದ್ದೆನು,ನಾನು ಊರಿನ ಬಳಿ ನಿಂತಿದ್ದೆನು,Case Marker Error,ನಾನು ಊರು ಬಳಿ ನಿಂತಿದ್ದೆನು
346,ಅವನು ನಿಧಾನವಾಗಿ ಓಡುತ್ತಾನೆನು,ಅವನು ನಿಧಾನವಾಗಿ ಓಡುತ್ತಾನೆ,Extra Suffix,ಅವನು ನಿಧಾನವಾಗಿ ಓಡುತ್ತಾನೆನು
347,ಅವಳು ಮೃದುವಾಗಿ ಮಾತನಾಡುತ್ತಾಳೆನು,ಅವಳು ಮೃದುವಾಗಿ ಮಾತನಾಡುತ್ತಾಳೆ,Extra Suffix,ಅವಳು ಮೃದುವಾಗಿ ಮಾತನಾಡುತ್ತಾಳೆನು
348,ನಾನು ಪತ್ರ ಬರೆಯುತ್ತೇನೆನು,ನಾನು ಪತ್ರ ಬರೆಯುತ್ತೇನೆ,Extra Suffix,ನಾನು ಪತ್ರ ಬರೆಯುತ್ತೇನೆನು
349,ನಾವು ಯೋಜನೆ ಮುಗಿಸಿದ್ದೇವೆನು,ನಾವು ಯೋಜನೆ ಮುಗಿಸಿದ್ದೇವೆ,Extra Suffix,ನಾವು ಯೋಜನೆ ಮುಗಿಸಿದ್ದೇವೆನು
350,ಅವರು ಮನೆ ತಲುಪಿದರುನು,ಅವರು ಮನೆ ತಲುಪಿದರು,Extra Suffix,ಅವರು ಮನೆ ತಲುಪಿದರುನು
351,ರಾಕೇಶ್ ಸ್ನೇಹಿತನನ್ನು ಭೇಟಿಯಾದಳು,ರಾಕೇಶ್ ಸ್ನೇಹಿತನನ್ನು ಭೇಟಿಯಾದನು,Gender Agreement,ರಾಕೇಶ್ ಸ್ನೇಹಿತನನ್ನು ಭೇಟಿಯಾದಳು
352,ದೀಪಾ ಕಥೆ ಬರೆದನು,ದೀಪಾ ಕಥೆ ಬರೆದಳು,Gender Agreement,ದೀಪಾ ಕಥೆ ಬರೆದನು
353,ನಾನು ಶಿಕ್ಷಕರಿಗೆ ಪ್ರಶ್ನೆ ಕೇಳಿದನು,ನಾನು ಶಿಕ್ಷಕರಿಗೆ ಪ್ರಶ್ನೆ ಕೇಳಿದೆ,Person Agreement,ನಾನು ಶಿಕ್ಷಕರಿಗೆ ಪ್ರಶ್ನೆ ಕೇಳಿದನು
354,ನಾವು ಹೊಸ ಯೋಜನೆ ಕಂಡನು,ನಾವು ಹೊಸ ಯೋಜನೆ ಕಂಡೆವು,Number Agreement,ನಾವು ಹೊಸ ಯೋಜನೆ ಕಂಡನು
355,ಮಕ್ಕಳು ಪಂದ್ಯ ನೋಡಿದನು,ಮಕ್ಕಳು ಪಂದ್ಯ ನೋಡಿದರು,Number Agreement,ಮಕ್ಕಳು ಪಂದ್ಯ ನೋಡಿದನು
356,ನದಿ ತೀರ ತಲುಪಿದರು,ನದಿ ತೀರ ತಲುಪಿತು,Neuter Agreement,ನದಿ ತೀರ ತಲುಪಿದರು
357,ಮರ ನಿಧಾನವಾಗಿ ಬೆಳೆಯಿದರು,ಮರ ನಿಧಾನವಾಗಿ ಬೆಳೆಯಿತು,Neuter Agreement,ಮರ ನಿಧಾನವಾಗಿ ಬೆಳೆಯಿದರು
358,ಹೂ ಸುವಾಸನೆ ನೀಡಿದರು,ಹೂ ಸುವಾಸನೆ ನೀಡಿತು,Neuter Agreement,ಹೂ ಸುವಾಸನೆ ನೀಡಿದರು
359,ಹಣ್ಣು ಮರದಿಂದ ಉರುಳಿದರು,ಹಣ್ಣು ಮರದಿಂದ ಉರುಳಿತು,Neuter Agreement,ಹಣ್ಣು ಮರದಿಂದ ಉರುಳಿದರು
360,ಸ್ವರ ನಿಧಾನವಾಗಿ ಕಡಿಮೆಯಾದರು,ಸ್ವರ ನಿಧಾನವಾಗಿ ಕಡಿಮೆಯಾಯಿತು,Neuter Agreement,ಸ್ವರ ನಿಧಾನವಾಗಿ ಕಡಿಮೆಯಾದರು
361,ಅವನು ನಿನ್ನೆ ಸ್ನೇಹಿತನನ್ನು ನೋಡುತ್ತಾನೆ,ಅವನು ನಿನ್ನೆ ಸ್ನೇಹಿತನನ್ನು ನೋಡಿದನು,Tense Error,ಅವನು ನಿನ್ನೆ ಸ್ನೇಹಿತನನ್ನು ನೋಡುತ್ತಾನೆ
362,ನಾನು ನಾಳೆ ಪರೀಕ್ಷೆ ಬರೆದಿದ್ದೆ,ನಾನು ನಾಳೆ ಪರೀಕ್ಷೆ ಬರೆಯುತ್ತೇನೆ,Tense Error,ನಾನು ನಾಳೆ ಪರೀಕ್ಷೆ ಬರೆದಿದ್ದೆ
363,ನಾವು ಈಗ ಕೆಲಸ ಆರಂಭಿಸಿದೆವು,ನಾವು ಈಗ ಕೆಲಸ ಆರಂಭಿಸುತ್ತಿದ್ದೇವೆ,Tense Error,ನಾವು ಈಗ ಕೆಲಸ ಆರಂಭಿಸಿದೆವು
364,ಅವಳು ನಿನ್ನೆ ಪತ್ರ ಬರೆಯುತ್ತಾಳೆ,ಅವಳು ನಿನ್ನೆ ಪತ್ರ ಬರೆದಳು,Tense Error,ಅವಳು ನಿನ್ನೆ ಪತ್ರ ಬರೆಯುತ್ತಾಳೆ
365,ಅವರು ಈಗ ಸಭೆ ಆರಂಭಿಸಿದರು,ಅವರು ಈಗ ಸಭೆ ಆರಂಭಿಸುತ್ತಿದ್ದಾರೆ,Tense Error,ಅವರು ಈಗ ಸಭೆ ಆರಂಭಿಸಿದರು
366,ಅವನು ಶಾಲೆ ಬಳಿ ನಿಂತನು,ಅವನು ಶಾಲೆಯ ಬಳಿ ನಿಂತನು,Case Marker Error,ಅವನು ಶಾಲೆ ಬಳಿ ನಿಂತನು
367,ನಾನು ಸ್ನೇಹಿತ ಮನೆ ಹೋದೆ,ನಾನು ಸ್ನೇಹಿತನ ಮನೆಗೆ ಹೋದೆ,Case Marker Error,ನಾನು ಸ್ನೇಹಿತ ಮನೆ ಹೋದೆ
368,ಮಕ್ಕಳು ನದಿ ದಾಟಿದರು,ಮಕ್ಕಳು ನದಿಯನ್ನು ದಾಟಿದರು,Case Marker Error,ಮಕ್ಕಳು ನದಿ ದಾಟಿದರು
369,ಅವಳು ಕಾಗದ ಚೀಲ ಇಟ್ಟಳು,ಅವಳು ಕಾಗದವನ್ನು ಚೀಲದಲ್ಲಿ ಇಟ್ಟಳು,Case Marker Error,ಅವಳು ಕಾಗದ ಚೀಲ ಇಟ್ಟಳು
370,ನಾನು ಊರು ಕಡೆ ನೋಡುತ್ತಿದ್ದೆನು,ನಾನು ಊರಿನ ಕಡೆ ನೋಡುತ್ತಿದ್ದೆನು,Case Marker Error,ನಾನು ಊರು ಕಡೆ ನೋಡುತ್ತಿದ್ದೆನು
371,ಅವನು ಬೇಗ ಓಡುತ್ತಾನೆನು,ಅವನು ಬೇಗ ಓಡುತ್ತಾನೆ,Extra Suffix,ಅವನು ಬೇಗ ಓಡುತ್ತಾನೆನು
372,ಅವಳು ಮೃದುವಾಗಿ ನಗುತ್ತಾಳೆನು,ಅವಳು ಮೃದುವಾಗಿ ನಗುತ್ತಾಳೆ,Extra Suffix,ಅವಳು ಮೃದುವಾಗಿ ನಗುತ್ತಾಳೆನು
373,ನಾನು ಕಥೆ ಹೇಳುತ್ತೇನೆನು,ನಾನು ಕಥೆ ಹೇಳುತ್ತೇನೆ,Extra Suffix,ನಾನು ಕಥೆ ಹೇಳುತ್ತೇನೆನು
374,ನಾವು ಕೆಲಸ ಆರಂಭಿಸಿದ್ದೇವೆನು,ನಾವು ಕೆಲಸ ಆರಂಭಿಸಿದ್ದೇವೆ,Extra Suffix,ನಾವು ಕೆಲಸ ಆರಂಭಿಸಿದ್ದೇವೆನು
375,ಅವರು ಸಭೆ ನಡೆಸಿದರುನು,ಅವರು ಸಭೆ ನಡೆಸಿದರು,Extra Suffix,ಅವರು ಸಭೆ ನಡೆಸಿದರುನು
376,ಅನಿಲ್ ಊರಿಗೆ ಹೋದಳು,ಅನಿಲ್ ಊರಿಗೆ ಹೋದನು,Gender Agreement,ಅನಿಲ್ ಊರಿಗೆ ಹೋದಳು
377,ಲತಾ ಚಿತ್ರ ಬಿಡಿಸಿದನು,ಲತಾ ಚಿತ್ರ ಬಿಡಿಸಿದಳು,Gender Agreement,ಲತಾ ಚಿತ್ರ ಬಿಡಿಸಿದನು
378,ನಾನು ಸ್ನೇಹಿತನಿಗೆ ಸಹಾಯ ಮಾಡಿದನು,ನಾನು ಸ್ನೇಹಿತನಿಗೆ ಸಹಾಯ ಮಾಡಿದೆ,Person Agreement,ನಾನು ಸ್ನೇಹಿತನಿಗೆ ಸಹಾಯ ಮಾಡಿದನು
379,ನಾವು ಸ್ಪರ್ಧೆ ಆರಂಭಿಸಿದನು,ನಾವು ಸ್ಪರ್ಧೆ ಆರಂಭಿಸಿದೆವು,Number Agreement,ನಾವು ಸ್ಪರ್ಧೆ ಆರಂಭಿಸಿದನು
380,ಮಕ್ಕಳು ಉತ್ತರ ಬರೆದನು,ಮಕ್ಕಳು ಉತ್ತರ ಬರೆದರು,Number Agreement,ಮಕ್ಕಳು ಉತ್ತರ ಬರೆದನು
381,ನದಿ ಶಾಂತವಾಗಿ ಹರಿದರು,ನದಿ ಶಾಂತವಾಗಿ ಹರಿತು,Neuter Agreement,ನದಿ ಶಾಂತವಾಗಿ ಹರಿದರು
382,ಮರ ಎತ್ತರವಾಗಿ ಬೆಳೆದನು,ಮರ ಎತ್ತರವಾಗಿ ಬೆಳೆಯಿತು,Neuter Agreement,ಮರ ಎತ್ತರವಾಗಿ ಬೆಳೆದನು
383,ಹೂ ಬೆಳಿಗ್ಗೆ ತೆರೆದನು,ಹೂ ಬೆಳಿಗ್ಗೆ ತೆರೆಯಿತು,Neuter Agreement,ಹೂ ಬೆಳಿಗ್ಗೆ ತೆರೆದನು
384,ಹಣ್ಣು ನೆಲಕ್ಕೆ ಬಿದ್ದರು,ಹಣ್ಣು ನೆಲಕ್ಕೆ ಬಿತ್ತು,Neuter Agreement,ಹಣ್ಣು ನೆಲಕ್ಕೆ ಬಿದ್ದರು
385,ಸ್ವರ ಮಂದವಾಗಿ ಕೇಳಿಸಿದರು,ಸ್ವರ ಮಂದವಾಗಿ ಕೇಳಿಸಿತು,Neuter Agreement,ಸ್ವರ ಮಂದವಾಗಿ ಕೇಳಿಸಿದರು
386,ಅವನು ನಿನ್ನೆ ಕೆಲಸ ಆರಂಭಿಸುತ್ತಾನೆ,ಅವನು ನಿನ್ನೆ ಕೆಲಸ ಆರಂಭಿಸಿದನು,Tense Error,ಅವನು ನಿನ್ನೆ ಕೆಲಸ ಆರಂಭಿಸುತ್ತಾನೆ
387,ನಾನು ನಾಳೆ ಶಿಕ್ಷಕರನ್ನು ಭೇಟಿಯಾದೆ,ನಾನು ನಾಳೆ ಶಿಕ್ಷಕರನ್ನು ಭೇಟಿಯಾಗುತ್ತೇನೆ,Tense Error,ನಾನು ನಾಳೆ ಶಿಕ್ಷಕರನ್ನು ಭೇಟಿಯಾದೆ
388,ನಾವು ಈಗ ಮನೆ ತಲುಪಿದೆವು,ನಾವು ಈಗ ಮನೆ ತಲುಪುತ್ತಿದ್ದೇವೆ,Tense Error,ನಾವು ಈಗ ಮನೆ ತಲುಪಿದೆವು
389,ಅವಳು ನಿನ್ನೆ ನಗರಕ್ಕೆ ಹೋಗುತ್ತಾಳೆ,ಅವಳು ನಿನ್ನೆ ನಗರಕ್ಕೆ ಹೋದಳು,Tense Error,ಅವಳು ನಿನ್ನೆ ನಗರಕ್ಕೆ ಹೋಗುತ್ತಾಳೆ
390,ಅವರು ಈಗ ಯೋಜನೆ ಆರಂಭಿಸಿದರು,ಅವರು ಈಗ ಯೋಜನೆ ಆರಂಭಿಸುತ್ತಿದ್ದಾರೆ,Tense Error,ಅವರು ಈಗ ಯೋಜನೆ ಆರಂಭಿಸಿದರು
391,ಅವನು ಗ್ರಾಮ ರಸ್ತೆ ನಿಂತನು,ಅವನು ಗ್ರಾಮದ ರಸ್ತೆಯಲ್ಲಿ ನಿಂತನು,Case Marker Error,ಅವನು ಗ್ರಾಮ ರಸ್ತೆ ನಿಂತನು
392,ನಾನು ಸ್ನೇಹಿತ ಜೊತೆ ಓಡಿದೆ,ನಾನು ಸ್ನೇಹಿತನ ಜೊತೆ ಓಡಿದೆ,Case Marker Error,ನಾನು ಸ್ನೇಹಿತ ಜೊತೆ ಓಡಿದೆ
393,ಮಕ್ಕಳು ಹಳ್ಳಿ ಆಟ ಆಡಿದರು,ಮಕ್ಕಳು ಹಳ್ಳಿಯಲ್ಲಿ ಆಟ ಆಡಿದರು,Postposition Error,ಮಕ್ಕಳು ಹಳ್ಳಿ ಆಟ ಆಡಿದರು
394,ಅವಳು ಪತ್ರ ಬ್ಯಾಗ್ ಇಟ್ಟಳು,ಅವಳು ಪತ್ರವನ್ನು ಬ್ಯಾಗ್‌ನಲ್ಲಿ ಇಟ್ಟಳು,Case Marker Error,ಅವಳು ಪತ್ರ ಬ್ಯಾಗ್ ಇಟ್ಟಳು
395,ನಾನು ಮನೆ ಒಳಗೆ ಕುಳಿತಿದ್ದೆನು,ನಾನು ಮನೆಯೊಳಗೆ ಕುಳಿತಿದ್ದೆನು,Case Marker Error,ನಾನು ಮನೆ ಒಳಗೆ ಕುಳಿತಿದ್ದೆನು
396,ಅವನು ನಿಧಾನವಾಗಿ ನಡೆಯುತ್ತಾನೆನು,ಅವನು ನಿಧಾನವಾಗಿ ನಡೆಯುತ್ತಾನೆ,Extra Suffix,ಅವನು ನಿಧಾನವಾಗಿ ನಡೆಯುತ್ತಾನೆನು
397,ಅವಳು ಮೃದುವಾಗಿ ಹಾಡುತ್ತಾಳೆನು,ಅವಳು ಮೃದುವಾಗಿ ಹಾಡುತ್ತಾಳೆ,Extra Suffix,ಅವಳು ಮೃದುವಾಗಿ ಹಾಡುತ್ತಾಳೆನು
398,ನಾನು ಪತ್ರ ಕಳುಹಿಸುತ್ತೇನೆನು,ನಾನು ಪತ್ರ ಕಳುಹಿಸುತ್ತೇನೆ,Extra Suffix,ನಾನು ಪತ್ರ ಕಳುಹಿಸುತ್ತೇನೆನು
399,ನಾವು ಕೆಲಸ ಆರಂಭಿಸಿದ್ದೇವೆನು,ನಾವು ಕೆಲಸ ಆರಂಭಿಸಿದ್ದೇವೆ,Extra Suffix,ನಾವು ಕೆಲಸ ಆರಂಭಿಸಿದ್ದೇವೆನು
400,ಅವರು ಮನೆ ತಲುಪಿದರುನು,ಅವರು ಮನೆ ತಲುಪಿದರು,Extra Suffix,ಅವರು ಮನೆ ತಲುಪಿದರುನು
401,ಕಿರಣ್ ಬೆಳಗ್ಗೆ ಶಾಲೆಗೆ ಹೋಗಿದಳು,ಕಿರಣ್ ಬೆಳಗ್ಗೆ ಶಾಲೆಗೆ ಹೋದನು,Gender Agreement,ಕಿರಣ್ ಬೆಳಗ್ಗೆ ಶಾಲೆಗೆ ಹೋಗಿದಳು
402,ಮಾಲಾ ಕಥೆ ಹೇಳಿದನು,ಮಾಲಾ ಕಥೆ ಹೇಳಿದಳು,Gender Agreement,ಮಾಲಾ ಕಥೆ ಹೇಳಿದನು
403,ನಾನು ಶಿಕ್ಷಕನನ್ನು ನೋಡಿದನು,ನಾನು ಶಿಕ್ಷಕನನ್ನು ನೋಡಿದೆ,Person Agreement,ನಾನು ಶಿಕ್ಷಕನನ್ನು ನೋಡಿದನು
404,ನಾವು ಹೊಸ ಯೋಜನೆ ರೂಪಿಸಿದನು,ನಾವು ಹೊಸ ಯೋಜನೆ ರೂಪಿಸಿದೆವು,Number Agreement,ನಾವು ಹೊಸ ಯೋಜನೆ ರೂಪಿಸಿದನು
405,ವಿದ್ಯಾರ್ಥಿಗಳು ಪರೀಕ್ಷೆ ಬರೆದನು,ವಿದ್ಯಾರ್ಥಿಗಳು ಪರೀಕ್ಷೆ ಬರೆದರು,Number Agreement,ವಿದ್ಯಾರ್ಥಿಗಳು ಪರೀಕ್ಷೆ ಬರೆದನು
406,ನದಿ ಪರ್ವತದಿಂದ ಹರಿದನು,ನದಿ ಪರ್ವತದಿಂದ ಹರಿತು,Neuter Agreement,ನದಿ ಪರ್ವತದಿಂದ ಹರಿದನು
407,ಮರ ತೋಟದಲ್ಲಿ ನಿಂತನು,ಮರ ತೋಟದಲ್ಲಿ ನಿಂತಿತು,Neuter Agreement,ಮರ ತೋಟದಲ್ಲಿ ನಿಂತನು
408,ಹೂ ಮಳೆಯಲ್ಲಿ ತೊಯ್ದನು,ಹೂ ಮಳೆಯಲ್ಲಿ ತೊಯ್ದಿತು,Neuter Agreement,ಹೂ ಮಳೆಯಲ್ಲಿ ತೊಯ್ದನು
409,ಹಣ್ಣು ಕೊಂಬೆಯಿಂದ ಉರುಳಿದನು,ಹಣ್ಣು ಕೊಂಬೆಯಿಂದ ಉರುಳಿತು,Neuter Agreement,ಹಣ್ಣು ಕೊಂಬೆಯಿಂದ ಉರುಳಿದನು
410,ಸ್ವರ ದೂರದಿಂದ ಕೇಳಿಸಿದನು,ಸ್ವರ ದೂರದಿಂದ ಕೇಳಿಸಿತು,Neuter Agreement,ಸ್ವರ ದೂರದಿಂದ ಕೇಳಿಸಿದನು
411,ಅವನು ನಿನ್ನೆ ಮಾರುಕಟ್ಟೆಗೆ ಹೋಗುತ್ತಾನೆ,ಅವನು ನಿನ್ನೆ ಮಾರುಕಟ್ಟೆಗೆ ಹೋದನು,Tense Error,ಅವನು ನಿನ್ನೆ ಮಾರುಕಟ್ಟೆಗೆ ಹೋಗುತ್ತಾನೆ
412,ನಾನು ನಾಳೆ ಸ್ನೇಹಿತನ ಮನೆಗೆ ಹೋದೆ,ನಾನು ನಾಳೆ ಸ್ನೇಹಿತನ ಮನೆಗೆ ಹೋಗುತ್ತೇನೆ,Tense Error,ನಾನು ನಾಳೆ ಸ್ನೇಹಿತನ ಮನೆಗೆ ಹೋದೆ
413,ನಾವು ಈಗ ಊಟ ಮಾಡಿದೆವು,ನಾವು ಈಗ ಊಟ ಮಾಡುತ್ತಿದ್ದೇವೆ,Tense Error,ನಾವು ಈಗ ಊಟ ಮಾಡಿದೆವು
414,ಅವಳು ನಿನ್ನೆ ನಗರಕ್ಕೆ ಹೋಗುತ್ತಾಳೆ,ಅವಳು ನಿನ್ನೆ ನಗರಕ್ಕೆ ಹೋದಳು,Tense Error,ಅವಳು ನಿನ್ನೆ ನಗರಕ್ಕೆ ಹೋಗುತ್ತಾಳೆ
415,ಅವರು ಈಗ ಸಭೆ ನಡೆಸಿದರು,ಅವರು ಈಗ ಸಭೆ ನಡೆಸುತ್ತಿದ್ದಾರೆ,Tense Error,ಅವರು ಈಗ ಸಭೆ ನಡೆಸಿದರು
416,ಅವನು ಶಾಲೆ ಬಳಿ ಕುಳಿತನು,ಅವನು ಶಾಲೆಯ ಬಳಿ ಕುಳಿತನು,Case Marker Error,ಅವನು ಶಾಲೆ ಬಳಿ ಕುಳಿತನು
417,ನಾನು ಸ್ನೇಹಿತ ಜೊತೆ ಓಡಿದೆ,ನಾನು ಸ್ನೇಹಿತನ ಜೊತೆ ಓಡಿದೆ,Case Marker Error,ನಾನು ಸ್ನೇಹಿತ ಜೊತೆ ಓಡಿದೆ
418,ಮಕ್ಕಳು ಮೈದಾನ ಓಡಿದರು,ಮಕ್ಕಳು ಮೈದಾನದಲ್ಲಿ ಓಡಿದರು,Postposition Error,ಮಕ್ಕಳು ಮೈದಾನ ಓಡಿದರು
419,ಅವಳು ಪತ್ರ ಚೀಲ ಇಟ್ಟಳು,ಅವಳು ಪತ್ರವನ್ನು ಚೀಲದಲ್ಲಿ ಇಟ್ಟಳು,Case Marker Error,ಅವಳು ಪತ್ರ ಚೀಲ ಇಟ್ಟಳು
420,ನಾನು ಮನೆ ಬಳಿ ನಿಂತಿದ್ದೆನು,ನಾನು ಮನೆಯ ಬಳಿ ನಿಂತಿದ್ದೆನು,Case Marker Error,ನಾನು ಮನೆ ಬಳಿ ನಿಂತಿದ್ದೆನು
421,ಅವನು ಬೇಗ ಓಡುತ್ತಾನೆನು,ಅವನು ಬೇಗ ಓಡುತ್ತಾನೆ,Extra Suffix,ಅವನು ಬೇಗ ಓಡುತ್ತಾನೆನು
422,ಅವಳು ನಿಧಾನವಾಗಿ ಹಾಡುತ್ತಾಳೆನು,ಅವಳು ನಿಧಾನವಾಗಿ ಹಾಡುತ್ತಾಳೆ,Extra Suffix,ಅವಳು ನಿಧಾನವಾಗಿ ಹಾಡುತ್ತಾಳೆನು
423,ನಾನು ಕಥೆ ಹೇಳುತ್ತೇನೆನು,ನಾನು ಕಥೆ ಹೇಳುತ್ತೇನೆ,Extra Suffix,ನಾನು ಕಥೆ ಹೇಳುತ್ತೇನೆನು
424,ನಾವು ಕೆಲಸ ಆರಂಭಿಸಿದ್ದೇವೆನು,ನಾವು ಕೆಲಸ ಆರಂಭಿಸಿದ್ದೇವೆ,Extra Suffix,ನಾವು ಕೆಲಸ ಆರಂಭಿಸಿದ್ದೇವೆನು
425,ಅವರು ಸಭೆ ನಡೆಸಿದರುನು,ಅವರು ಸಭೆ ನಡೆಸಿದರು,Extra Suffix,ಅವರು ಸಭೆ ನಡೆಸಿದರುನು
426,ರಮೇಶ್ ಊರಿಗೆ ಹೋದಳು,ರಮೇಶ್ ಊರಿಗೆ ಹೋದನು,Gender Agreement,ರಮೇಶ್ ಊರಿಗೆ ಹೋದಳು
427,ಸುದಾ ಪತ್ರ ಬರೆದನು,ಸುದಾ ಪತ್ರ ಬರೆದಳು,Gender Agreement,ಸುದಾ ಪತ್ರ ಬರೆದನು
428,ನಾನು ಸ್ನೇಹಿತನನ್ನು ಕರೆ ಮಾಡಿದನು,ನಾನು ಸ್ನೇಹಿತನನ್ನು ಕರೆ ಮಾಡಿದೆ,Person Agreement,ನಾನು ಸ್ನೇಹಿತನನ್ನು ಕರೆ ಮಾಡಿದನು
429,ನಾವು ಪಂದ್ಯ ಗೆದ್ದನು,ನಾವು ಪಂದ್ಯ ಗೆದ್ದೆವು,Number Agreement,ನಾವು ಪಂದ್ಯ ಗೆದ್ದನು
430,ಆಟಗಾರರು ಪಂದ್ಯ ಆಡಿದನು,ಆಟಗಾರರು ಪಂದ್ಯ ಆಡಿದರು,Number Agreement,ಆಟಗಾರರು ಪಂದ್ಯ ಆಡಿದನು
431,ನದಿ ಕಲ್ಲುಗಳ ನಡುವೆ ಹರಿದನು,ನದಿ ಕಲ್ಲುಗಳ ನಡುವೆ ಹರಿತು,Neuter Agreement,ನದಿ ಕಲ್ಲುಗಳ ನಡುವೆ ಹರಿದನು
432,ಮರ ಗಾಳಿಯಲ್ಲಿ ಅಲುಗಾಡಿದನು,ಮರ ಗಾಳಿಯಲ್ಲಿ ಅಲುಗಾಡಿತು,Neuter Agreement,ಮರ ಗಾಳಿಯಲ್ಲಿ ಅಲುಗಾಡಿದನು
433,ಹೂ ಮಳೆಯಲ್ಲಿ ಅಲ್ಲಾಡಿದನು,ಹೂ ಮಳೆಯಲ್ಲಿ ಅಲ್ಲಾಡಿತು,Neuter Agreement,ಹೂ ಮಳೆಯಲ್ಲಿ ಅಲ್ಲಾಡಿದನು
434,ಹಣ್ಣು ನೆಲಕ್ಕೆ ಉರುಳಿದನು,ಹಣ್ಣು ನೆಲಕ್ಕೆ ಉರುಳಿತು,Neuter Agreement,ಹಣ್ಣು ನೆಲಕ್ಕೆ ಉರುಳಿದನು
435,ಸ್ವರ ಸಭಾಂಗಣದಲ್ಲಿ ಕೇಳಿಸಿದನು,ಸ್ವರ ಸಭಾಂಗಣದಲ್ಲಿ ಕೇಳಿಸಿತು,Neuter Agreement,ಸ್ವರ ಸಭಾಂಗಣದಲ್ಲಿ ಕೇಳಿಸಿದನು
436,ಅವನು ನಿನ್ನೆ ಸ್ನೇಹಿತನನ್ನು ಭೇಟಿಯಾಗುತ್ತಾನೆ,ಅವನು ನಿನ್ನೆ ಸ್ನೇಹಿತನನ್ನು ಭೇಟಿಯಾದನು,Tense Error,ಅವನು ನಿನ್ನೆ ಸ್ನೇಹಿತನನ್ನು ಭೇಟಿಯಾಗುತ್ತಾನೆ
437,ನಾನು ನಾಳೆ ಪರೀಕ್ಷೆ ಬರೆದಿದ್ದೆ,ನಾನು ನಾಳೆ ಪರೀಕ್ಷೆ ಬರೆಯುತ್ತೇನೆ,Tense Error,ನಾನು ನಾಳೆ ಪರೀಕ್ಷೆ ಬರೆದಿದ್ದೆ
438,ನಾವು ಈಗ ಮನೆ ಕಟ್ಟಿದೆವು,ನಾವು ಈಗ ಮನೆ ಕಟ್ಟುತ್ತಿದ್ದೇವೆ,Tense Error,ನಾವು ಈಗ ಮನೆ ಕಟ್ಟಿದೆವು
439,ಅವಳು ನಿನ್ನೆ ಪತ್ರ ಬರೆಯುತ್ತಾಳೆ,ಅವಳು ನಿನ್ನೆ ಪತ್ರ ಬರೆದಳು,Tense Error,ಅವಳು ನಿನ್ನೆ ಪತ್ರ ಬರೆಯುತ್ತಾಳೆ
440,ಅವರು ಈಗ ಯೋಜನೆ ಆರಂಭಿಸಿದರು,ಅವರು ಈಗ ಯೋಜನೆ ಆರಂಭಿಸುತ್ತಿದ್ದಾರೆ,Tense Error,ಅವರು ಈಗ ಯೋಜನೆ ಆರಂಭಿಸಿದರು
441,ಅವನು ರಸ್ತೆ ಮಧ್ಯೆ ನಿಂತನು,ಅವನು ರಸ್ತೆಯ ಮಧ್ಯೆ ನಿಂತನು,Case Marker Error,ಅವನು ರಸ್ತೆ ಮಧ್ಯೆ ನಿಂತನು
442,ನಾನು ಸ್ನೇಹಿತ ಮನೆ ಹೋದೆ,ನಾನು ಸ್ನೇಹಿತನ ಮನೆಗೆ ಹೋದೆ,Case Marker Error,ನಾನು ಸ್ನೇಹಿತ ಮನೆ ಹೋದೆ
443,ಮಕ್ಕಳು ಹಳ್ಳಿ ಓಡಿದರು,ಮಕ್ಕಳು ಹಳ್ಳಿಯಲ್ಲಿ ಓಡಿದರು,Postposition Error,ಮಕ್ಕಳು ಹಳ್ಳಿ ಓಡಿದರು
444,ಅವಳು ಕಾಗದ ಬ್ಯಾಗ್ ಇಟ್ಟಳು,ಅವಳು ಕಾಗದವನ್ನು ಬ್ಯಾಗ್‌ನಲ್ಲಿ ಇಟ್ಟಳು,Case Marker Error,ಅವಳು ಕಾಗದ ಬ್ಯಾಗ್ ಇಟ್ಟಳು
445,ನಾನು ಊರು ಕಡೆ ನೋಡುತ್ತಿದ್ದೆನು,ನಾನು ಊರಿನ ಕಡೆ ನೋಡುತ್ತಿದ್ದೆನು,Case Marker Error,ನಾನು ಊರು ಕಡೆ ನೋಡುತ್ತಿದ್ದೆನು
446,ಅವನು ನಿಧಾನವಾಗಿ ನಡೆಯುತ್ತಾನೆನು,ಅವನು ನಿಧಾನವಾಗಿ ನಡೆಯುತ್ತಾನೆ,Extra Suffix,ಅವನು ನಿಧಾನವಾಗಿ ನಡೆಯುತ್ತಾನೆನು
447,ಅವಳು ಮೃದುವಾಗಿ ನಗುತ್ತಾಳೆನು,ಅವಳು ಮೃದುವಾಗಿ ನಗುತ್ತಾಳೆ,Extra Suffix,ಅವಳು ಮೃದುವಾಗಿ ನಗುತ್ತಾಳೆನು
448,ನಾನು ಪತ್ರ ಕಳುಹಿಸುತ್ತೇನೆನು,ನಾನು ಪತ್ರ ಕಳುಹಿಸುತ್ತೇನೆ,Extra Suffix,ನಾನು ಪತ್ರ ಕಳುಹಿಸುತ್ತೇನೆನು
449,ನಾವು ಕೆಲಸ ಮುಂದುವರಿಸಿದ್ದೇವೆನು,ನಾವು ಕೆಲಸ ಮುಂದುವರಿಸಿದ್ದೇವೆ,Extra Suffix,ನಾವು ಕೆಲಸ ಮುಂದುವರಿಸಿದ್ದೇವೆನು
450,ಅವರು ಮನೆ ತಲುಪಿದರುನು,ಅವರು ಮನೆ ತಲುಪಿದರು,Extra Suffix,ಅವರು ಮನೆ ತಲುಪಿದರುನು
451,ಅರವಿಂದ್ ನಗರಕ್ಕೆ ಹೋದಳು,ಅರವಿಂದ್ ನಗರಕ್ಕೆ ಹೋದನು,Gender Agreement,ಅರವಿಂದ್ ನಗರಕ್ಕೆ ಹೋದಳು
452,ರೇಖಾ ಹಾಡು ಹಾಡಿದನು,ರೇಖಾ ಹಾಡು ಹಾಡಿದಳು,Gender Agreement,ರೇಖಾ ಹಾಡು ಹಾಡಿದನು
453,ನಾನು ಶಿಕ್ಷಕರಿಗೆ ಉತ್ತರ ಹೇಳಿದನು,ನಾನು ಶಿಕ್ಷಕರಿಗೆ ಉತ್ತರ ಹೇಳಿದೆ,Person Agreement,ನಾನು ಶಿಕ್ಷಕರಿಗೆ ಉತ್ತರ ಹೇಳಿದನು
454,ನಾವು ಹೊಸ ಮನೆ ಕಂಡನು,ನಾವು ಹೊಸ ಮನೆ ಕಂಡೆವು,Number Agreement,ನಾವು ಹೊಸ ಮನೆ ಕಂಡನು
455,ವಿದ್ಯಾರ್ಥಿಗಳು ಪ್ರಶ್ನೆ ಬರೆದನು,ವಿದ್ಯಾರ್ಥಿಗಳು ಪ್ರಶ್ನೆ ಬರೆದರು,Number Agreement,ವಿದ್ಯಾರ್ಥಿಗಳು ಪ್ರಶ್ನೆ ಬರೆದನು
456,ನದಿ ಬೆಟ್ಟದ ಬುಡದಲ್ಲಿ ಹರಿದನು,ನದಿ ಬೆಟ್ಟದ ಬುಡದಲ್ಲಿ ಹರಿತು,Neuter Agreement,ನದಿ ಬೆಟ್ಟದ ಬುಡದಲ್ಲಿ ಹರಿದನು
457,ಮರ ತೋಟದಲ್ಲಿ ಬೆಳೆಯಿದನು,ಮರ ತೋಟದಲ್ಲಿ ಬೆಳೆಯಿತು,Neuter Agreement,ಮರ ತೋಟದಲ್ಲಿ ಬೆಳೆಯಿದನು
458,ಹೂ ಮಳೆಯಲ್ಲಿ ನೆನೆದನು,ಹೂ ಮಳೆಯಲ್ಲಿ ನೆನೆದಿತು,Neuter Agreement,ಹೂ ಮಳೆಯಲ್ಲಿ ನೆನೆದನು
459,ಹಣ್ಣು ಮರದಿಂದ ಬಿದ್ದನು,ಹಣ್ಣು ಮರದಿಂದ ಬಿತ್ತು,Neuter Agreement,ಹಣ್ಣು ಮರದಿಂದ ಬಿದ್ದನು
460,ಸ್ವರ ತೀಕ್ಷ್ಣವಾಗಿ ಕೇಳಿಸಿದನು,ಸ್ವರ ತೀಕ್ಷ್ಣವಾಗಿ ಕೇಳಿಸಿತು,Neuter Agreement,ಸ್ವರ ತೀಕ್ಷ್ಣವಾಗಿ ಕೇಳಿಸಿದನು
461,ಅವನು ನಿನ್ನೆ ಪುಸ್ತಕ ತಂದನು,ಅವನು ನಿನ್ನೆ ಪುಸ್ತಕ ತಂದಿದ್ದನು,Tense Error,ಅವನು ನಿನ್ನೆ ಪುಸ್ತಕ ತಂದನು
462,ನಾನು ನಾಳೆ ಊರಿಗೆ ಹೋದೆ,ನಾನು ನಾಳೆ ಊರಿಗೆ ಹೋಗುತ್ತೇನೆ,Tense Error,ನಾನು ನಾಳೆ ಊರಿಗೆ ಹೋದೆ
463,ನಾವು ಈಗ ಸ್ಪರ್ಧೆ ಗೆದ್ದೆವು,ನಾವು ಈಗ ಸ್ಪರ್ಧೆ ಗೆಲ್ಲುತ್ತಿದ್ದೇವೆ,Tense Error,ನಾವು ಈಗ ಸ್ಪರ್ಧೆ ಗೆದ್ದೆವು
464,ಅವಳು ನಿನ್ನೆ ಮನೆಗೆ ಹೋಗುತ್ತಾಳೆ,ಅವಳು ನಿನ್ನೆ ಮನೆಗೆ ಹೋದಳು,Tense Error,ಅವಳು ನಿನ್ನೆ ಮನೆಗೆ ಹೋಗುತ್ತಾಳೆ
465,ಅವರು ಈಗ ಸಭೆ ಆರಂಭಿಸಿದರು,ಅವರು ಈಗ ಸಭೆ ಆರಂಭಿಸುತ್ತಿದ್ದಾರೆ,Tense Error,ಅವರು ಈಗ ಸಭೆ ಆರಂಭಿಸಿದರು
466,ಅವನು ಶಾಲೆ ಮುಂದೆ ಕುಳಿತನು,ಅವನು ಶಾಲೆಯ ಮುಂದೆ ಕುಳಿತನು,Case Marker Error,ಅವನು ಶಾಲೆ ಮುಂದೆ ಕುಳಿತನು
467,ನಾನು ಗ್ರಾಮ ದಾರಿ ಹೋದೆ,ನಾನು ಗ್ರಾಮದ ದಾರಿಯಲ್ಲಿ ಹೋದೆ,Case Marker Error,ನಾನು ಗ್ರಾಮ ದಾರಿ ಹೋದೆ
468,ಮಕ್ಕಳು ತೋಟ ಓಡಿದರು,ಮಕ್ಕಳು ತೋಟದಲ್ಲಿ ಓಡಿದರು,Postposition Error,ಮಕ್ಕಳು ತೋಟ ಓಡಿದರು
469,ಅವಳು ಪುಸ್ತಕ ಕಪಾಟು ಇಟ್ಟಳು,ಅವಳು ಪುಸ್ತಕವನ್ನು ಕಪಾಟಿನಲ್ಲಿ ಇಟ್ಟಳು,Case Marker Error,ಅವಳು ಪುಸ್ತಕ ಕಪಾಟು ಇಟ್ಟಳು
470,ನಾನು ಮನೆ ಮಾಳಿಗೆ ನಿಂತಿದ್ದೆನು,ನಾನು ಮನೆಯ ಮಾಳಿಗೆಯಲ್ಲಿ ನಿಂತಿದ್ದೆನು,Case Marker Error,ನಾನು ಮನೆ ಮಾಳಿಗೆ ನಿಂತಿದ್ದೆನು
471,ಅವನು ಬೇಗ ಓಡುತ್ತಾನೆನು,ಅವನು ಬೇಗ ಓಡುತ್ತಾನೆ,Extra Suffix,ಅವನು ಬೇಗ ಓಡುತ್ತಾನೆನು
472,ಅವಳು ಸ್ಪಷ್ಟವಾಗಿ ಮಾತನಾಡುತ್ತಾಳೆನು,ಅವಳು ಸ್ಪಷ್ಟವಾಗಿ ಮಾತನಾಡುತ್ತಾಳೆ,Extra Suffix,ಅವಳು ಸ್ಪಷ್ಟವಾಗಿ ಮಾತನಾಡುತ್ತಾಳೆನು
473,ನಾನು ಕಥೆ ಬರೆಯುತ್ತೇನೆನು,ನಾನು ಕಥೆ ಬರೆಯುತ್ತೇನೆ,Extra Suffix,ನಾನು ಕಥೆ ಬರೆಯುತ್ತೇನೆನು
474,ನಾವು ಯೋಜನೆ ರೂಪಿಸಿದ್ದೇವೆನು,ನಾವು ಯೋಜನೆ ರೂಪಿಸಿದ್ದೇವೆ,Extra Suffix,ನಾವು ಯೋಜನೆ ರೂಪಿಸಿದ್ದೇವೆನು
475,ಅವರು ಸಭೆ ನಡೆಸಿದರುನು,ಅವರು ಸಭೆ ನಡೆಸಿದರು,Extra Suffix,ಅವರು ಸಭೆ ನಡೆಸಿದರುನು
476,ಸತೀಶ್ ಊರಿಗೆ ಹೋದಳು,ಸತೀಶ್ ಊರಿಗೆ ಹೋದನು,Gender Agreement,ಸತೀಶ್ ಊರಿಗೆ ಹೋದಳು
477,ನೀಲಾ ಕಥೆ ಬರೆದನು,ನೀಲಾ ಕಥೆ ಬರೆದಳು,Gender Agreement,ನೀಲಾ ಕಥೆ ಬರೆದನು
478,ನಾನು ಸ್ನೇಹಿತನಿಗೆ ಸಹಾಯ ಮಾಡಿದನು,ನಾನು ಸ್ನೇಹಿತನಿಗೆ ಸಹಾಯ ಮಾಡಿದೆ,Person Agreement,ನಾನು ಸ್ನೇಹಿತನಿಗೆ ಸಹಾಯ ಮಾಡಿದನು
479,ನಾವು ಸ್ಪರ್ಧೆ ಗೆದ್ದನು,ನಾವು ಸ್ಪರ್ಧೆ ಗೆದ್ದೆವು,Number Agreement,ನಾವು ಸ್ಪರ್ಧೆ ಗೆದ್ದನು
480,ಮಕ್ಕಳು ಉತ್ತರ ಹೇಳಿದರುನು,ಮಕ್ಕಳು ಉತ್ತರ ಹೇಳಿದರು,Extra Suffix,ಮಕ್ಕಳು ಉತ್ತರ ಹೇಳಿದರುನು
481,ನದಿ ಕಲ್ಲುಗಳ ಬಳಿ ಹರಿದನು,ನದಿ ಕಲ್ಲುಗಳ ಬಳಿ ಹರಿತು,Neuter Agreement,ನದಿ ಕಲ್ಲುಗಳ ಬಳಿ ಹರಿದನು
482,ಮರ ಗಾಳಿಯಲ್ಲಿ ಕುಣಿದನು,ಮರ ಗಾಳಿಯಲ್ಲಿ ಕುಣಿತು,Neuter Agreement,ಮರ ಗಾಳಿಯಲ್ಲಿ ಕುಣಿದನು
483,ಹೂ ಬಿಸಿಲಲ್ಲಿ ಬಾಡಿದನು,ಹೂ ಬಿಸಿಲಲ್ಲಿ ಬಾಡಿತು,Neuter Agreement,ಹೂ ಬಿಸಿಲಲ್ಲಿ ಬಾಡಿದನು
484,ಹಣ್ಣು ನೆಲದಲ್ಲಿ ಕೊಳೆತನು,ಹಣ್ಣು ನೆಲದಲ್ಲಿ ಕೊಳೆತಿತು,Neuter Agreement,ಹಣ್ಣು ನೆಲದಲ್ಲಿ ಕೊಳೆತನು
485,ಸ್ವರ ಗಾಳಿಯಲ್ಲಿ ಹರಡಿದನು,ಸ್ವರ ಗಾಳಿಯಲ್ಲಿ ಹರಡಿತು,Neuter Agreement,ಸ್ವರ ಗಾಳಿಯಲ್ಲಿ ಹರಡಿದನು
486,ಅವನು ನಿನ್ನೆ ನಗರಕ್ಕೆ ಹೋಗುತ್ತಾನೆ,ಅವನು ನಿನ್ನೆ ನಗರಕ್ಕೆ ಹೋದನು,Tense Error,ಅವನು ನಿನ್ನೆ ನಗರಕ್ಕೆ ಹೋಗುತ್ತಾನೆ
487,ನಾನು ನಾಳೆ ಶಿಕ್ಷಕರನ್ನು ಭೇಟಿಯಾದೆ,ನಾನು ನಾಳೆ ಶಿಕ್ಷಕರನ್ನು ಭೇಟಿಯಾಗುತ್ತೇನೆ,Tense Error,ನಾನು ನಾಳೆ ಶಿಕ್ಷಕರನ್ನು ಭೇಟಿಯಾದೆ
488,ನಾವು ಈಗ ಶಾಲೆ ಕಟ್ಟಿದೆವು,ನಾವು ಈಗ ಶಾಲೆ ಕಟ್ಟುತ್ತಿದ್ದೇವೆ,Tense Error,ನಾವು ಈಗ ಶಾಲೆ ಕಟ್ಟಿದೆವು
489,ಅವಳು ನಿನ್ನೆ ಹಾಡು ಹಾಡುತ್ತಾಳೆ,ಅವಳು ನಿನ್ನೆ ಹಾಡು ಹಾಡಿದಳು,Tense Error,ಅವಳು ನಿನ್ನೆ ಹಾಡು ಹಾಡುತ್ತಾಳೆ
490,ಅವರು ಈಗ ಮಾರುಕಟ್ಟೆಗೆ ಹೋದರು,ಅವರು ಈಗ ಮಾರುಕಟ್ಟೆಗೆ ಹೋಗುತ್ತಿದ್ದಾರೆ,Tense Error,ಅವರು ಈಗ ಮಾರುಕಟ್ಟೆಗೆ ಹೋದರು
491,ಅವನು ರಸ್ತೆ ಮೇಲೆ ನಿಂತನು,ಅವನು ರಸ್ತೆಯ ಮೇಲೆ ನಿಂತನು,Case Marker Error,ಅವನು ರಸ್ತೆ ಮೇಲೆ ನಿಂತನು
492,ನಾನು ಅಕ್ಕ ಮನೆ ಹೋದೆ,ನಾನು ಅಕ್ಕನ ಮನೆಗೆ ಹೋದೆ,Case Marker Error,ನಾನು ಅಕ್ಕ ಮನೆ ಹೋದೆ
493,ಮಕ್ಕಳು ಮನೆ ಮುಂದೆ ಆಡಿದರು,ಮಕ್ಕಳು ಮನೆಯ ಮುಂದೆ ಆಡಿದರು,Postposition Error,ಮಕ್ಕಳು ಮನೆ ಮುಂದೆ ಆಡಿದರು
494,ಅವಳು ಪುಸ್ತಕ ಶೆಲ್ಫ್ ಇಟ್ಟಳು,ಅವಳು ಪುಸ್ತಕವನ್ನು ಶೆಲ್ಫ್‌ನಲ್ಲಿ ಇಟ್ಟಳು,Case Marker Error,ಅವಳು ಪುಸ್ತಕ ಶೆಲ್ಫ್ ಇಟ್ಟಳು
495,ನಾನು ಊರು ಬಳಿ ನಿಂತಿದ್ದೆನು,ನಾನು ಊರಿನ ಬಳಿ ನಿಂತಿದ್ದೆನು,Case Marker Error,ನಾನು ಊರು ಬಳಿ ನಿಂತಿದ್ದೆನು
496,ಅವನು ನಿಧಾನವಾಗಿ ನಡೆಯುತ್ತಾನೆನು,ಅವನು ನಿಧಾನವಾಗಿ ನಡೆಯುತ್ತಾನೆ,Extra Suffix,ಅವನು ನಿಧಾನವಾಗಿ ನಡೆಯುತ್ತಾನೆನು
497,ಅವಳು ಜೋರಾಗಿ ನಗುತ್ತಾಳೆನು,ಅವಳು ಜೋರಾಗಿ ನಗುತ್ತಾಳೆ,Extra Suffix,ಅವಳು ಜೋರಾಗಿ ನಗುತ್ತಾಳೆನು
498,ನಾನು ಪತ್ರ ಕಳುಹಿಸುತ್ತೇನೆನು,ನಾನು ಪತ್ರ ಕಳುಹಿಸುತ್ತೇನೆ,Extra Suffix,ನಾನು ಪತ್ರ ಕಳುಹಿಸುತ್ತೇನೆನು
499,ನಾವು ಕೆಲಸ ಆರಂಭಿಸಿದ್ದೇವೆನು,ನಾವು ಕೆಲಸ ಆರಂಭಿಸಿದ್ದೇವೆ,Extra Suffix,ನಾವು ಕೆಲಸ ಆರಂಭಿಸಿದ್ದೇವೆನು
500,ಅವರು ಮನೆ ತಲುಪಿದರುನು,ಅವರು ಮನೆ ತಲುಪಿದರು,Extra Suffix,ಅವರು ಮನೆ ತಲುಪಿದರುನು
501,ಭರತ್ ಬೆಳಗ್ಗೆ ಆಸ್ಪತ್ರೆಗೆ ಹೋಗಿದಳು,ಭರತ್ ಬೆಳಗ್ಗೆ ಆಸ್ಪತ್ರೆಗೆ ಹೋದನು,Gender Agreement,ಭರತ್ ಬೆಳಗ್ಗೆ ಆಸ್ಪತ್ರೆಗೆ ಹೋಗಿದಳು
502,ಮಮತಾ ಅಡುಗೆ ಮಾಡಿದನು,ಮಮತಾ ಅಡುಗೆ ಮಾಡಿದಳು,Gender Agreement,ಮಮತಾ ಅಡುಗೆ ಮಾಡಿದನು
503,ನಾನು ಅಂಗಡಿಗೆ ಹೋದನು,ನಾನು ಅಂಗಡಿಗೆ ಹೋದೆ,Person Agreement,ನಾನು ಅಂಗಡಿಗೆ ಹೋದನು
504,ನಾವು ಹೊಸ ರಸ್ತೆ ನಿರ್ಮಿಸಿದನು,ನಾವು ಹೊಸ ರಸ್ತೆ ನಿರ್ಮಿಸಿದೆವು,Number Agreement,ನಾವು ಹೊಸ ರಸ್ತೆ ನಿರ್ಮಿಸಿದನು
505,ಆಟಗಾರರು ಮೈದಾನ ಬಿಟ್ಟನು,ಆಟಗಾರರು ಮೈದಾನ ಬಿಟ್ಟರು,Number Agreement,ಆಟಗಾರರು ಮೈದಾನ ಬಿಟ್ಟನು
506,ನದಿ ಬಂಡೆಗಳ ಮೇಲೆ ಹರಿದನು,ನದಿ ಬಂಡೆಗಳ ಮೇಲೆ ಹರಿತು,Neuter Agreement,ನದಿ ಬಂಡೆಗಳ ಮೇಲೆ ಹರಿದನು
507,ಮರ ಬಿರುಗಾಳಿಯಲ್ಲಿ ಬಿದ್ದನು,ಮರ ಬಿರುಗಾಳಿಯಲ್ಲಿ ಬಿತ್ತು,Neuter Agreement,ಮರ ಬಿರುಗಾಳಿಯಲ್ಲಿ ಬಿದ್ದನು
508,ಹೂ ಶಿಶಿರದಲ್ಲಿ ಉದುರಿದನು,ಹೂ ಶಿಶಿರದಲ್ಲಿ ಉದುರಿತು,Neuter Agreement,ಹೂ ಶಿಶಿರದಲ್ಲಿ ಉದುರಿದನು
509,ಹಣ್ಣು ಬಿಸಿಲಿನಲ್ಲಿ ಒಣಗಿದನು,ಹಣ್ಣು ಬಿಸಿಲಿನಲ್ಲಿ ಒಣಗಿತು,Neuter Agreement,ಹಣ್ಣು ಬಿಸಿಲಿನಲ್ಲಿ ಒಣಗಿದನು
510,ಸ್ವರ ರಾತ್ರಿಯಲ್ಲಿ ಅಡಗಿದನು,ಸ್ವರ ರಾತ್ರಿಯಲ್ಲಿ ಅಡಗಿತು,Neuter Agreement,ಸ್ವರ ರಾತ್ರಿಯಲ್ಲಿ ಅಡಗಿದನು
511,ಅವನು ನಿನ್ನೆ ಗ್ರಂಥಾಲಯಕ್ಕೆ ಹೋಗುತ್ತಾನೆ,ಅವನು ನಿನ್ನೆ ಗ್ರಂಥಾಲಯಕ್ಕೆ ಹೋದನು,Tense Error,ಅವನು ನಿನ್ನೆ ಗ್ರಂಥಾಲಯಕ್ಕೆ ಹೋಗುತ್ತಾನೆ
512,ನಾನು ನಾಳೆ ಪ್ರವಾಸ ಹೊರಟೆ,ನಾನು ನಾಳೆ ಪ್ರವಾಸ ಹೊರಡುತ್ತೇನೆ,Tense Error,ನಾನು ನಾಳೆ ಪ್ರವಾಸ ಹೊರಟೆ
513,ನಾವು ಈಗ ರಸ್ತೆ ದಾಟಿದೆವು,ನಾವು ಈಗ ರಸ್ತೆ ದಾಟುತ್ತಿದ್ದೇವೆ,Tense Error,ನಾವು ಈಗ ರಸ್ತೆ ದಾಟಿದೆವು
514,ಅವಳು ನಿನ್ನೆ ಆಸ್ಪತ್ರೆಗೆ ಹೋಗುತ್ತಾಳೆ,ಅವಳು ನಿನ್ನೆ ಆಸ್ಪತ್ರೆಗೆ ಹೋದಳು,Tense Error,ಅವಳು ನಿನ್ನೆ ಆಸ್ಪತ್ರೆಗೆ ಹೋಗುತ್ತಾಳೆ
515,ಅವರು ಈಗ ಊರು ತಲುಪಿದರು,ಅವರು ಈಗ ಊರು ತಲುಪುತ್ತಿದ್ದಾರೆ,Tense Error,ಅವರು ಈಗ ಊರು ತಲುಪಿದರು
516,ಅವನು ಕಾಡು ಅಂಚಿನಲ್ಲಿ ನಿಂತನು,ಅವನು ಕಾಡಿನ ಅಂಚಿನಲ್ಲಿ ನಿಂತನು,Case Marker Error,ಅವನು ಕಾಡು ಅಂಚಿನಲ್ಲಿ ನಿಂತನು
517,ನಾನು ಅಣ್ಣ ಜೊತೆ ಬಂದೆ,ನಾನು ಅಣ್ಣನ ಜೊತೆ ಬಂದೆ,Case Marker Error,ನಾನು ಅಣ್ಣ ಜೊತೆ ಬಂದೆ
518,ಮಕ್ಕಳು ನದಿ ದಂಡೆ ಆಡಿದರು,ಮಕ್ಕಳು ನದಿಯ ದಂಡೆಯಲ್ಲಿ ಆಡಿದರು,Postposition Error,ಮಕ್ಕಳು ನದಿ ದಂಡೆ ಆಡಿದರು
519,ಅವಳು ಬಟ್ಟೆ ಪೆಟ್ಟಿಗೆ ಇಟ್ಟಳು,ಅವಳು ಬಟ್ಟೆಯನ್ನು ಪೆಟ್ಟಿಗೆಯಲ್ಲಿ ಇಟ್ಟಳು,Case Marker Error,ಅವಳು ಬಟ್ಟೆ ಪೆಟ್ಟಿಗೆ ಇಟ್ಟಳು
520,ನಾನು ಶಾಲೆ ಹಿಂದೆ ನಿಂತಿದ್ದೆನು,ನಾನು ಶಾಲೆಯ ಹಿಂದೆ ನಿಂತಿದ್ದೆನು,Case Marker Error,ನಾನು ಶಾಲೆ ಹಿಂದೆ ನಿಂತಿದ್ದೆನು
521,ಅವನು ಜೋರಾಗಿ ಹಾಡುತ್ತಾನೆನು,ಅವನು ಜೋರಾಗಿ ಹಾಡುತ್ತಾನೆ,Extra Suffix,ಅವನು ಜೋರಾಗಿ ಹಾಡುತ್ತಾನೆನು
522,ಅವಳು ಬೇಗ ಓಡುತ್ತಾಳೆನು,ಅವಳು ಬೇಗ ಓಡುತ್ತಾಳೆ,Extra Suffix,ಅವಳು ಬೇಗ ಓಡುತ್ತಾಳೆನು
523,ನಾನು ಪಾಠ ಕೇಳುತ್ತೇನೆನು,ನಾನು ಪಾಠ ಕೇಳುತ್ತೇನೆ,Extra Suffix,ನಾನು ಪಾಠ ಕೇಳುತ್ತೇನೆನು
524,ನಾವು ದಾರಿ ಹಿಡಿದ್ದೇವೆನು,ನಾವು ದಾರಿ ಹಿಡಿದ್ದೇವೆ,Extra Suffix,ನಾವು ದಾರಿ ಹಿಡಿದ್ದೇವೆನು
525,ಅವರು ಊರು ಸೇರಿದರುನು,ಅವರು ಊರು ಸೇರಿದರು,Extra Suffix,ಅವರು ಊರು ಸೇರಿದರುನು
526,ವಿಜಯ್ ಆಸ್ಪತ್ರೆಗೆ ಹೋದಳು,ವಿಜಯ್ ಆಸ್ಪತ್ರೆಗೆ ಹೋದನು,Gender Agreement,ವಿಜಯ್ ಆಸ್ಪತ್ರೆಗೆ ಹೋದಳು
527,ಕಮಲಾ ಹೊಲದಲ್ಲಿ ಕೆಲಸ ಮಾಡಿದನು,ಕಮಲಾ ಹೊಲದಲ್ಲಿ ಕೆಲಸ ಮಾಡಿದಳು,Gender Agreement,ಕಮಲಾ ಹೊಲದಲ್ಲಿ ಕೆಲಸ ಮಾಡಿದನು
528,ನಾನು ಅಡುಗೆ ಮಾಡಿದನು,ನಾನು ಅಡುಗೆ ಮಾಡಿದೆ,Person Agreement,ನಾನು ಅಡುಗೆ ಮಾಡಿದನು
529,ನಾವು ಊರಿಗೆ ಮರಳಿದನು,ನಾವು ಊರಿಗೆ ಮರಳಿದೆವು,Number Agreement,ನಾವು ಊರಿಗೆ ಮರಳಿದನು
530,ಹಳ್ಳಿಗರು ಹೊಲ ಉಳುತ್ತಿದ್ದನು,ಹಳ್ಳಿಗರು ಹೊಲ ಉಳುತ್ತಿದ್ದರು,Number Agreement,ಹಳ್ಳಿಗರು ಹೊಲ ಉಳುತ್ತಿದ್ದನು
531,ನದಿ ಮರಳಿನಲ್ಲಿ ಸೇರಿದನು,ನದಿ ಮರಳಿನಲ್ಲಿ ಸೇರಿತು,Neuter Agreement,ನದಿ ಮರಳಿನಲ್ಲಿ ಸೇರಿದನು
532,ಮರ ಮಳೆಯಲ್ಲಿ ತೊಯ್ದನು,ಮರ ಮಳೆಯಲ್ಲಿ ತೊಯ್ದಿತು,Neuter Agreement,ಮರ ಮಳೆಯಲ್ಲಿ ತೊಯ್ದನು
533,ಹೂ ಚಳಿಯಲ್ಲಿ ಮರಗಿದನು,ಹೂ ಚಳಿಯಲ್ಲಿ ಮರಗಿತು,Neuter Agreement,ಹೂ ಚಳಿಯಲ್ಲಿ ಮರಗಿದನು
534,ಹಣ್ಣು ಮರದ ತೊಗಟೆಗೆ ಅಂಟಿದನು,ಹಣ್ಣು ಮರದ ತೊಗಟೆಗೆ ಅಂಟಿತು,Neuter Agreement,ಹಣ್ಣು ಮರದ ತೊಗಟೆಗೆ ಅಂಟಿದನು
535,ಸ್ವರ ಬೆಟ್ಟದ ತುದಿ ತಲುಪಿದನು,ಸ್ವರ ಬೆಟ್ಟದ ತುದಿ ತಲುಪಿತು,Neuter Agreement,ಸ್ವರ ಬೆಟ್ಟದ ತುದಿ ತಲುಪಿದನು
536,ಅವನು ನಿನ್ನೆ ಬಂದರಿಗೆ ಹೋಗುತ್ತಾನೆ,ಅವನು ನಿನ್ನೆ ಬಂದರಿಗೆ ಹೋದನು,Tense Error,ಅವನು ನಿನ್ನೆ ಬಂದರಿಗೆ ಹೋಗುತ್ತಾನೆ
537,ನಾನು ನಾಳೆ ಊಟ ಮಾಡಿದೆ,ನಾನು ನಾಳೆ ಊಟ ಮಾಡುತ್ತೇನೆ,Tense Error,ನಾನು ನಾಳೆ ಊಟ ಮಾಡಿದೆ
538,ನಾವು ಈಗ ಹಳ್ಳಿ ಬಿಟ್ಟೆವು,ನಾವು ಈಗ ಹಳ್ಳಿ ಬಿಡುತ್ತಿದ್ದೇವೆ,Tense Error,ನಾವು ಈಗ ಹಳ್ಳಿ ಬಿಟ್ಟೆವು
539,ಅವಳು ನಿನ್ನೆ ಅಡುಗೆ ಮಾಡುತ್ತಾಳೆ,ಅವಳು ನಿನ್ನೆ ಅಡುಗೆ ಮಾಡಿದಳು,Tense Error,ಅವಳು ನಿನ್ನೆ ಅಡುಗೆ ಮಾಡುತ್ತಾಳೆ
540,ಅವರು ಈಗ ಪ್ರಯಾಣ ಶುರು ಮಾಡಿದರು,ಅವರು ಈಗ ಪ್ರಯಾಣ ಶುರು ಮಾಡುತ್ತಿದ್ದಾರೆ,Tense Error,ಅವರು ಈಗ ಪ್ರಯಾಣ ಶುರು ಮಾಡಿದರು
541,ಡಾಕ್ಟರ್ ರೋಗಿಯನ್ನು ನೋಡಿದನು,ಡಾಕ್ಟರ್ ರೋಗಿಯನ್ನು ನೋಡಿದರು,Honorific Agreement,ಡಾಕ್ಟರ್ ರೋಗಿಯನ್ನು ನೋಡಿದನು
542,ಪ್ರಾಂಶುಪಾಲರು ಭಾಷಣ ಮಾಡಿದನು,ಪ್ರಾಂಶುಪಾಲರು ಭಾಷಣ ಮಾಡಿದರು,Honorific Agreement,ಪ್ರಾಂಶುಪಾಲರು ಭಾಷಣ ಮಾಡಿದನು
543,ಅಜ್ಜಿ ಕಥೆ ಹೇಳಿದನು,ಅಜ್ಜಿ ಕಥೆ ಹೇಳಿದರು,Honorific Agreement,ಅಜ್ಜಿ ಕಥೆ ಹೇಳಿದನು
544,ನ್ಯಾಯಾಧೀಶರು ತೀರ್ಪು ಕೊಟ್ಟನು,ನ್ಯಾಯಾಧೀಶರು ತೀರ್ಪು ಕೊಟ್ಟರು,Honorific Agreement,ನ್ಯಾಯಾಧೀಶರು ತೀರ್ಪು ಕೊಟ್ಟನು
545,ಹಿರಿಯರು ಆಶೀರ್ವಾದ ಮಾಡಿದನು,ಹಿರಿಯರು ಆಶೀರ್ವಾದ ಮಾಡಿದರು,Honorific Agreement,ಹಿರಿಯರು ಆಶೀರ್ವಾದ ಮಾಡಿದನು
546,ಅವನು ತನ್ನ ಪುಸ್ತಕ ತಂದಳು,ಅವನು ತನ್ನ ಪುಸ್ತಕ ತಂದನು,Gender Agreement,ಅವನು ತನ್ನ ಪುಸ್ತಕ ತಂದಳು
547,ಅವಳು ತನ್ನ ಚೀಲ ಎತ್ತಿದನು,ಅವಳು ತನ್ನ ಚೀಲ ಎತ್ತಿದಳು,Gender Agreement,ಅವಳು ತನ್ನ ಚೀಲ ಎತ್ತಿದನು
548,ಅವನು ತನ್ನ ಮನೆ ಕಟ್ಟಿದಳು,ಅವನು ತನ್ನ ಮನೆ ಕಟ್ಟಿದನು,Gender Agreement,ಅವನು ತನ್ನ ಮನೆ ಕಟ್ಟಿದಳು
549,ಅವಳು ತನ್ನ ಪತ್ರ ಬರೆದನು,ಅವಳು ತನ್ನ ಪತ್ರ ಬರೆದಳು,Gender Agreement,ಅವಳು ತನ್ನ ಪತ್ರ ಬರೆದನು
550,ಅವನು ತನ್ನ ಕೆಲಸ ಮುಗಿಸಿದಳು,ಅವನು ತನ್ನ ಕೆಲಸ ಮುಗಿಸಿದನು,Gender Agreement,ಅವನು ತನ್ನ ಕೆಲಸ ಮುಗಿಸಿದಳು
551,ಗೋಪಾಲ್ ಕಡಲತೀರಕ್ಕೆ ಹೋದಳು,ಗೋಪಾಲ್ ಕಡಲತೀರಕ್ಕೆ ಹೋದನು,Gender Agreement,ಗೋಪಾಲ್ ಕಡಲತೀರಕ್ಕೆ ಹೋದಳು
552,ಸರಿತಾ ಹೊಲ ಉಳುತ್ತಿದ್ದನು,ಸರಿತಾ ಹೊಲ ಉಳುತ್ತಿದ್ದಳು,Gender Agreement,ಸರಿತಾ ಹೊಲ ಉಳುತ್ತಿದ್ದನು
553,ನಾನು ಔಷಧ ತೆಗೆದುಕೊಂಡನು,ನಾನು ಔಷಧ ತೆಗೆದುಕೊಂಡೆ,Person Agreement,ನಾನು ಔಷಧ ತೆಗೆದುಕೊಂಡನು
554,ನಾವು ಬಸ್ ಹಿಡಿದನು,ನಾವು ಬಸ್ ಹಿಡಿದೆವು,Number Agreement,ನಾವು ಬಸ್ ಹಿಡಿದನು
555,ಪ್ರಯಾಣಿಕರು ರೈಲು ಹತ್ತಿದನು,ಪ್ರಯಾಣಿಕರು ರೈಲು ಹತ್ತಿದರು,Number Agreement,ಪ್ರಯಾಣಿಕರು ರೈಲು ಹತ್ತಿದನು
556,ನದಿ ಅಣೆಕಟ್ಟಿನ ಕಡೆ ತಿರುಗಿದನು,ನದಿ ಅಣೆಕಟ್ಟಿನ ಕಡೆ ತಿರುಗಿತು,Neuter Agreement,ನದಿ ಅಣೆಕಟ್ಟಿನ ಕಡೆ ತಿರುಗಿದನು
557,ಮರ ಮನೆಯ ಎದುರು ನಿಂತನು,ಮರ ಮನೆಯ ಎದುರು ನಿಂತಿತು,Neuter Agreement,ಮರ ಮನೆಯ ಎದುರು ನಿಂತನು
558,ಹೂ ಕೊಳದ ಅಂಚಿನಲ್ಲಿ ಅರಳಿದನು,ಹೂ ಕೊಳದ ಅಂಚಿನಲ್ಲಿ ಅರಳಿತು,Neuter Agreement,ಹೂ ಕೊಳದ ಅಂಚಿನಲ್ಲಿ ಅರಳಿದನು
559,ಹಣ್ಣು ಮಳೆಯಲ್ಲಿ ಕೊಳೆತನು,ಹಣ್ಣು ಮಳೆಯಲ್ಲಿ ಕೊಳೆಯಿತು,Neuter Agreement,ಹಣ್ಣು ಮಳೆಯಲ್ಲಿ ಕೊಳೆತನು
560,ಸ್ವರ ಸಂಜೆ ಮಾಯವಾದನು,ಸ್ವರ ಸಂಜೆ ಮಾಯವಾಯಿತು,Neuter Agreement,ಸ್ವರ ಸಂಜೆ ಮಾಯವಾದನು
561,ಅವನು ನಿನ್ನೆ ರೈಲು ನಿಲ್ದಾಣಕ್ಕೆ ಹೋಗುತ್ತಾನೆ,ಅವನು ನಿನ್ನೆ ರೈಲು ನಿಲ್ದಾಣಕ್ಕೆ ಹೋದನು,Tense Error,ಅವನು ನಿನ್ನೆ ರೈಲು ನಿಲ್ದಾಣಕ್ಕೆ ಹೋಗುತ್ತಾನೆ
562,ನಾನು ನಾಳೆ ಹಳ್ಳಿ ತಲುಪಿದೆ,ನಾನು ನಾಳೆ ಹಳ್ಳಿ ತಲುಪುತ್ತೇನೆ,Tense Error,ನಾನು ನಾಳೆ ಹಳ್ಳಿ ತಲುಪಿದೆ
563,ನಾವು ಈಗ ಬಸ್ ಹಿಡಿದೆವು,ನಾವು ಈಗ ಬಸ್ ಹಿಡಿಯುತ್ತಿದ್ದೇವೆ,Tense Error,ನಾವು ಈಗ ಬಸ್ ಹಿಡಿದೆವು
564,ಅವಳು ನಿನ್ನೆ ಅಂಗಡಿಗೆ ಹೋಗುತ್ತಾಳೆ,ಅವಳು ನಿನ್ನೆ ಅಂಗಡಿಗೆ ಹೋದಳು,Tense Error,ಅವಳು ನಿನ್ನೆ ಅಂಗಡಿಗೆ ಹೋಗುತ್ತಾಳೆ
565,ಅವರು ಈಗ ಊರು ಬಿಟ್ಟರು,ಅವರು ಈಗ ಊರು ಬಿಡುತ್ತಿದ್ದಾರೆ,Tense Error,ಅವರು ಈಗ ಊರು ಬಿಟ್ಟರು
566,ಅವನು ಕೊಳ ಅಂಚಿನಲ್ಲಿ ಕುಳಿತನು,ಅವನು ಕೊಳದ ಅಂಚಿನಲ್ಲಿ ಕುಳಿತನು,Case Marker Error,ಅವನು ಕೊಳ ಅಂಚಿನಲ್ಲಿ ಕುಳಿತನು
567,ನಾನು ತಮ್ಮ ಜೊತೆ ಹೋದೆ,ನಾನು ತಮ್ಮನ ಜೊತೆ ಹೋದೆ,Case Marker Error,ನಾನು ತಮ್ಮ ಜೊತೆ ಹೋದೆ
568,ಮಕ್ಕಳು ಅಂಗಳ ಆಡಿದರು,ಮಕ್ಕಳು ಅಂಗಳದಲ್ಲಿ ಆಡಿದರು,Postposition Error,ಮಕ್ಕಳು ಅಂಗಳ ಆಡಿದರು
569,ಅವಳು ತರಕಾರಿ ಬುಟ್ಟಿ ಇಟ್ಟಳು,ಅವಳು ತರಕಾರಿಯನ್ನು ಬುಟ್ಟಿಯಲ್ಲಿ ಇಟ್ಟಳು,Case Marker Error,ಅವಳು ತರಕಾರಿ ಬುಟ್ಟಿ ಇಟ್ಟಳು
570,ನಾನು ದೇವಾಲಯ ಎದುರು ನಿಂತಿದ್ದೆನು,ನಾನು ದೇವಾಲಯದ ಎದುರು ನಿಂತಿದ್ದೆನು,Case Marker Error,ನಾನು ದೇವಾಲಯ ಎದುರು ನಿಂತಿದ್ದೆನು
571,ಅವನು ನಿಧಾನವಾಗಿ ತಿನ್ನುತ್ತಾನೆನು,ಅವನು ನಿಧಾನವಾಗಿ ತಿನ್ನುತ್ತಾನೆ,Extra Suffix,ಅವನು ನಿಧಾನವಾಗಿ ತಿನ್ನುತ್ತಾನೆನು
572,ಅವಳು ಸಂತೋಷದಿಂದ ಕುಣಿಯುತ್ತಾಳೆನು,ಅವಳು ಸಂತೋಷದಿಂದ ಕುಣಿಯುತ್ತಾಳೆ,Extra Suffix,ಅವಳು ಸಂತೋಷದಿಂದ ಕುಣಿಯುತ್ತಾಳೆನು
573,ನಾನು ಪಾಠ ಬರೆಯುತ್ತೇನೆನು,ನಾನು ಪಾಠ ಬರೆಯುತ್ತೇನೆ,Extra Suffix,ನಾನು ಪಾಠ ಬರೆಯುತ್ತೇನೆನು
574,ನಾವು ಊಟ ತಯಾರಿಸಿದ್ದೇವೆನು,ನಾವು ಊಟ ತಯಾರಿಸಿದ್ದೇವೆ,Extra Suffix,ನಾವು ಊಟ ತಯಾರಿಸಿದ್ದೇವೆನು
575,ಅವರು ಪ್ರಯಾಣ ಶುರು ಮಾಡಿದರುನು,ಅವರು ಪ್ರಯಾಣ ಶುರು ಮಾಡಿದರು,Extra Suffix,ಅವರು ಪ್ರಯಾಣ ಶುರು ಮಾಡಿದರುನು
576,ಮಹೇಶ್ ಕಡಲತೀರದಲ್ಲಿ ಓಡಿದಳು,ಮಹೇಶ್ ಕಡಲತೀರದಲ್ಲಿ ಓಡಿದನು,Gender Agreement,ಮಹೇಶ್ ಕಡಲತೀರದಲ್ಲಿ ಓಡಿದಳು
577,ಗೀತಾ ತರಕಾರಿ ತಂದನು,ಗೀತಾ ತರಕಾರಿ ತಂದಳು,Gender Agreement,ಗೀತಾ ತರಕಾರಿ ತಂದನು
578,ನಾನು ಬಾಗಿಲು ತೆರೆದನು,ನಾನು ಬಾಗಿಲು ತೆರೆದೆ,Person Agreement,ನಾನು ಬಾಗಿಲು ತೆರೆದನು
579,ನಾವು ಕಾರ್ಯಕ್ರಮ ಮುಗಿಸಿದನು,ನಾವು ಕಾರ್ಯಕ್ರಮ ಮುಗಿಸಿದೆವು,Number Agreement,ನಾವು ಕಾರ್ಯಕ್ರಮ ಮುಗಿಸಿದನು
580,ರೈತರು ಬೆಳೆ ಕೊಯ್ದನು,ರೈತರು ಬೆಳೆ ಕೊಯ್ದರು,Number Agreement,ರೈತರು ಬೆಳೆ ಕೊಯ್ದನು
581,ನದಿ ಕಣಿವೆ ತಲುಪಿದನು,ನದಿ ಕಣಿವೆ ತಲುಪಿತು,Neuter Agreement,ನದಿ ಕಣಿವೆ ತಲುಪಿದನು
582,ಮರ ಚಳಿಗಾಲದಲ್ಲಿ ಬೋಳಾಯಿದನು,ಮರ ಚಳಿಗಾಲದಲ್ಲಿ ಬೋಳಾಯಿತು,Neuter Agreement,ಮರ ಚಳಿಗಾಲದಲ್ಲಿ ಬೋಳಾಯಿದನು
583,ಹೂ ಬೇಸಿಗೆಯಲ್ಲಿ ಬಾಡಿದನು,ಹೂ ಬೇಸಿಗೆಯಲ್ಲಿ ಬಾಡಿತು,Neuter Agreement,ಹೂ ಬೇಸಿಗೆಯಲ್ಲಿ ಬಾಡಿದನು
584,ಹಣ್ಣು ಗಾಳಿಯಲ್ಲಿ ಹಾರಿದನು,ಹಣ್ಣು ಗಾಳಿಯಲ್ಲಿ ಹಾರಿತು,Neuter Agreement,ಹಣ್ಣು ಗಾಳಿಯಲ್ಲಿ ಹಾರಿದನು
585,ಸ್ವರ ಮನೆಯೊಳಗೆ ತೂರಿದನು,ಸ್ವರ ಮನೆಯೊಳಗೆ ತೂರಿತು,Neuter Agreement,ಸ್ವರ ಮನೆಯೊಳಗೆ ತೂರಿದನು
586,ಅವನು ನಿನ್ನೆ ಬೆಟ್ಟ ಹತ್ತುತ್ತಾನೆ,ಅವನು ನಿನ್ನೆ ಬೆಟ್ಟ ಹತ್ತಿದನು,Tense Error,ಅವನು ನಿನ್ನೆ ಬೆಟ್ಟ ಹತ್ತುತ್ತಾನೆ
587,ನಾನು ನಾಳೆ ಅಡುಗೆ ಮಾಡಿದೆ,ನಾನು ನಾಳೆ ಅಡುಗೆ ಮಾಡುತ್ತೇನೆ,Tense Error,ನಾನು ನಾಳೆ ಅಡುಗೆ ಮಾಡಿದೆ
588,ನಾವು ಈಗ ಬೆಟ್ಟ ಇಳಿದೆವು,ನಾವು ಈಗ ಬೆಟ್ಟ ಇಳಿಯುತ್ತಿದ್ದೇವೆ,Tense Error,ನಾವು ಈಗ ಬೆಟ್ಟ ಇಳಿದೆವು
589,ಅವಳು ನಿನ್ನೆ ಮದುವೆಗೆ ಹೋಗುತ್ತಾಳೆ,ಅವಳು ನಿನ್ನೆ ಮದುವೆಗೆ ಹೋದಳು,Tense Error,ಅವಳು ನಿನ್ನೆ ಮದುವೆಗೆ ಹೋಗುತ್ತಾಳೆ
590,ಅವರು ಈಗ ಬಂದರು ಸೇರಿದರು,ಅವರು ಈಗ ಬಂದರು ಸೇರುತ್ತಿದ್ದಾರೆ,Tense Error,ಅವರು ಈಗ ಬಂದರು ಸೇರಿದರು
591,ಅವನು ಬೆಟ್ಟ ತುದಿ ನಿಂತನು,ಅವನು ಬೆಟ್ಟದ ತುದಿಯಲ್ಲಿ ನಿಂತನು,Case Marker Error,ಅವನು ಬೆಟ್ಟ ತುದಿ ನಿಂತನು
592,ನಾನು ಅಕ್ಕ ಜೊತೆ ಬಂದೆ,ನಾನು ಅಕ್ಕನ ಜೊತೆ ಬಂದೆ,Case Marker Error,ನಾನು ಅಕ್ಕ ಜೊತೆ ಬಂದೆ
593,ಮಕ್ಕಳು ಕಡಲತೀರ ಓಡಿದರು,ಮಕ್ಕಳು ಕಡಲತೀರದಲ್ಲಿ ಓಡಿದರು,Postposition Error,ಮಕ್ಕಳು ಕಡಲತೀರ ಓಡಿದರು
594,ಅವಳು ಹಾಲು ಮಡಕೆ ಇಟ್ಟಳು,ಅವಳು ಹಾಲನ್ನು ಮಡಕೆಯಲ್ಲಿ ಇಟ್ಟಳು,Case Marker Error,ಅವಳು ಹಾಲು ಮಡಕೆ ಇಟ್ಟಳು
595,ನಾನು ಅಂಗಡಿ ಮುಂದೆ ನಿಂತಿದ್ದೆನು,ನಾನು ಅಂಗಡಿಯ ಮುಂದೆ ನಿಂತಿದ್ದೆನು,Case Marker Error,ನಾನು ಅಂಗಡಿ ಮುಂದೆ ನಿಂತಿದ್ದೆನು
596,ಅವನು ಉತ್ಸಾಹದಿಂದ ಮಾತನಾಡುತ್ತಾನೆನು,ಅವನು ಉತ್ಸಾಹದಿಂದ ಮಾತನಾಡುತ್ತಾನೆ,Extra Suffix,ಅವನು ಉತ್ಸಾಹದಿಂದ ಮಾತನಾಡುತ್ತಾನೆನು
597,ಅವಳು ಸಂತೋಷದಿಂದ ನಡೆಯುತ್ತಾಳೆನು,ಅವಳು ಸಂತೋಷದಿಂದ ನಡೆಯುತ್ತಾಳೆ,Extra Suffix,ಅವಳು ಸಂತೋಷದಿಂದ ನಡೆಯುತ್ತಾಳೆನು
598,ನಾನು ಕೆಲಸ ಮುಗಿಸುತ್ತೇನೆನು,ನಾನು ಕೆಲಸ ಮುಗಿಸುತ್ತೇನೆ,Extra Suffix,ನಾನು ಕೆಲಸ ಮುಗಿಸುತ್ತೇನೆನು
599,ನಾವು ಊರು ತಲುಪಿದ್ದೇವೆನು,ನಾವು ಊರು ತಲುಪಿದ್ದೇವೆ,Extra Suffix,ನಾವು ಊರು ತಲುಪಿದ್ದೇವೆನು
600,ಅವರು ಕಾರ್ಯಕ್ರಮ ಮುಗಿಸಿದರುನು,ಅವರು ಕಾರ್ಯಕ್ರಮ ಮುಗಿಸಿದರು,Extra Suffix,ಅವರು ಕಾರ್ಯಕ್ರಮ ಮುಗಿಸಿದರುನು
601,ಅವನು ಊರಿನಿಂದ ಬಂದಳು,ಅವನು ಊರಿನಿಂದ ಬಂದನು,Gender Agreement,ಅವನು ಊರಿನಿಂದ ಬಂದಳು
602,ಅವಳು ಬಟ್ಟೆ ತೊಳೆದನು,ಅವಳು ಬಟ್ಟೆ ತೊಳೆದಳು,Gender Agreement,ಅವಳು ಬಟ್ಟೆ ತೊಳೆದನು
603,ಮೋಹನ್ ಆಸ್ಪತ್ರೆಯಿಂದ ಬಂದಳು,ಮೋಹನ್ ಆಸ್ಪತ್ರೆಯಿಂದ ಬಂದನು,Gender Agreement,ಮೋಹನ್ ಆಸ್ಪತ್ರೆಯಿಂದ ಬಂದಳು
604,ಸ್ನೇಹಾ ಹೊಲಕ್ಕೆ ಹೋದನು,ಸ್ನೇಹಾ ಹೊಲಕ್ಕೆ ಹೋದಳು,Gender Agreement,ಸ್ನೇಹಾ ಹೊಲಕ್ಕೆ ಹೋದನು
605,ಅವನು ನೀರು ತುಂಬಿದಳು,ಅವನು ನೀರು ತುಂಬಿದನು,Gender Agreement,ಅವನು ನೀರು ತುಂಬಿದಳು
606,ಅವಳು ಕಸ ಗುಡಿಸಿದನು,ಅವಳು ಕಸ ಗುಡಿಸಿದಳು,Gender Agreement,ಅವಳು ಕಸ ಗುಡಿಸಿದನು
607,ವಿನೋದ್ ಮೀನು ಹಿಡಿದಳು,ವಿನೋದ್ ಮೀನು ಹಿಡಿದನು,Gender Agreement,ವಿನೋದ್ ಮೀನು ಹಿಡಿದಳು
608,ತಾರಾ ಅಂಗಡಿ ತೆರೆದನು,ತಾರಾ ಅಂಗಡಿ ತೆರೆದಳು,Gender Agreement,ತಾರಾ ಅಂಗಡಿ ತೆರೆದನು
609,ಅವನು ಮಕ್ಕಳನ್ನು ಕರೆದಳು,ಅವನು ಮಕ್ಕಳನ್ನು ಕರೆದನು,Gender Agreement,ಅವನು ಮಕ್ಕಳನ್ನು ಕರೆದಳು
610,ಅವಳು ಕಾರು ಓಡಿಸಿದನು,ಅವಳು ಕಾರು ಓಡಿಸಿದಳು,Gender Agreement,ಅವಳು ಕಾರು ಓಡಿಸಿದನು
611,ಗಣೇಶ್ ಮಳೆಯಲ್ಲಿ ನೆಂದಳು,ಗಣೇಶ್ ಮಳೆಯಲ್ಲಿ ನೆಂದನು,Gender Agreement,ಗಣೇಶ್ ಮಳೆಯಲ್ಲಿ ನೆಂದಳು
612,ನಾನು ಮೀನು ಹಿಡಿದನು,ನಾನು ಮೀನು ಹಿಡಿದೆ,Person Agreement,ನಾನು ಮೀನು ಹಿಡಿದನು
613,ನಾನು ಕಾರು ಓಡಿಸಿದನು,ನಾನು ಕಾರು ಓಡಿಸಿದೆ,Person Agreement,ನಾನು ಕಾರು ಓಡಿಸಿದನು
614,ನಾನು ಚಿತ್ರ ಬಿಡಿಸಿದಳು,ನಾನು ಚಿತ್ರ ಬಿಡಿಸಿದೆ,Person Agreement,ನಾನು ಚಿತ್ರ ಬಿಡಿಸಿದಳು
615,ನಾನು ಮನೆ ತೊಳೆದನು,ನಾನು ಮನೆ ತೊಳೆದೆ,Person Agreement,ನಾನು ಮನೆ ತೊಳೆದನು
616,ನಾನು ಕವನ ಬರೆದನು,ನಾನು ಕವನ ಬರೆದೆ,Person Agreement,ನಾನು ಕವನ ಬರೆದನು
617,ನಾನು ಊರಿಗೆ ಹಿಂದಿರುಗಿದನು,ನಾನು ಊರಿಗೆ ಹಿಂದಿರುಗಿದೆ,Person Agreement,ನಾನು ಊರಿಗೆ ಹಿಂದಿರುಗಿದನು
618,ನಾನು ರಸ್ತೆ ದಾಟಿದನು,ನಾನು ರಸ್ತೆ ದಾಟಿದೆ,Person Agreement,ನಾನು ರಸ್ತೆ ದಾಟಿದನು
619,ನಾನು ಮಾತು ಕೇಳಿದಳು,ನಾನು ಮಾತು ಕೇಳಿದೆ,Person Agreement,ನಾನು ಮಾತು ಕೇಳಿದಳು
620,ನಾನು ಕಾಫಿ ತಂದನು,ನಾನು ಕಾಫಿ ತಂದೆ,Person Agreement,ನಾನು ಕಾಫಿ ತಂದನು
621,ನಾನು ಕನ್ನಡ ಕಲಿತನು,ನಾನು ಕನ್ನಡ ಕಲಿತೆ,Person Agreement,ನಾನು ಕನ್ನಡ ಕಲಿತನು
622,ನಾನು ಬಾಗಿಲು ಮುಚ್ಚಿದನು,ನಾನು ಬಾಗಿಲು ಮುಚ್ಚಿದೆ,Person Agreement,ನಾನು ಬಾಗಿಲು ಮುಚ್ಚಿದನು
623,ನಾವು ದೇವಾಲಯಕ್ಕೆ ಹೋದನು,ನಾವು ದೇವಾಲಯಕ್ಕೆ ಹೋದೆವು,Number Agreement,ನಾವು ದೇವಾಲಯಕ್ಕೆ ಹೋದನು
624,ಮಕ್ಕಳು ಮೀನು ಹಿಡಿದನು,ಮಕ್ಕಳು ಮೀನು ಹಿಡಿದರು,Number Agreement,ಮಕ್ಕಳು ಮೀನು ಹಿಡಿದನು
625,ನಾವು ಕಾಡಿಗೆ ಹೋದನು,ನಾವು ಕಾಡಿಗೆ ಹೋದೆವು,Number Agreement,ನಾವು ಕಾಡಿಗೆ ಹೋದನು
626,ವಿದ್ಯಾರ್ಥಿಗಳು ಕ್ರೀಡೆ ಆಡಿದನು,ವಿದ್ಯಾರ್ಥಿಗಳು ಕ್ರೀಡೆ ಆಡಿದರು,Number Agreement,ವಿದ್ಯಾರ್ಥಿಗಳು ಕ್ರೀಡೆ ಆಡಿದನು
627,ನಾವು ಬೆಟ್ಟ ಇಳಿದನು,ನಾವು ಬೆಟ್ಟ ಇಳಿದೆವು,Number Agreement,ನಾವು ಬೆಟ್ಟ ಇಳಿದನು
628,ಆಟಗಾರರು ಮಳೆಯಲ್ಲಿ ನೆಂದನು,ಆಟಗಾರರು ಮಳೆಯಲ್ಲಿ ನೆಂದರು,Number Agreement,ಆಟಗಾರರು ಮಳೆಯಲ್ಲಿ ನೆಂದನು
629,ನಾವು ಕಡಲತೀರ ತಲುಪಿದನು,ನಾವು ಕಡಲತೀರ ತಲುಪಿದೆವು,Number Agreement,ನಾವು ಕಡಲತೀರ ತಲುಪಿದನು
630,ರೈತರು ಮಳೆ ಎದುರಿಸಿದನು,ರೈತರು ಮಳೆ ಎದುರಿಸಿದರು,Number Agreement,ರೈತರು ಮಳೆ ಎದುರಿಸಿದನು
631,ನಾವು ನದಿ ದಾಟಿದನು,ನಾವು ನದಿ ದಾಟಿದೆವು,Number Agreement,ನಾವು ನದಿ ದಾಟಿದನು
632,ಪ್ರಯಾಣಿಕರು ವಿಮಾನ ಹಿಡಿದನು,ಪ್ರಯಾಣಿಕರು ವಿಮಾನ ಹಿಡಿದರು,Number Agreement,ಪ್ರಯಾಣಿಕರು ವಿಮಾನ ಹಿಡಿದನು
633,ನಾವು ಸ್ನೇಹಿತರನ್ನು ಕರೆದನು,ನಾವು ಸ್ನೇಹಿತರನ್ನು ಕರೆದೆವು,Number Agreement,ನಾವು ಸ್ನೇಹಿತರನ್ನು ಕರೆದನು
634,ಚಿಕ್ಕಪ್ಪ ಊರಿಗೆ ಬಂದನು,ಚಿಕ್ಕಪ್ಪ ಊರಿಗೆ ಬಂದರು,Honorific Agreement,ಚಿಕ್ಕಪ್ಪ ಊರಿಗೆ ಬಂದನು
635,ಸಂಸದರು ಭಾಷಣ ಮಾಡಿದನು,ಸಂಸದರು ಭಾಷಣ ಮಾಡಿದರು,Honorific Agreement,ಸಂಸದರು ಭಾಷಣ ಮಾಡಿದನು
636,ನ್ಯಾಯಾಧೀಶರು ಆದೇಶ ನೀಡಿದನು,ನ್ಯಾಯಾಧೀಶರು ಆದೇಶ ನೀಡಿದರು,Honorific Agreement,ನ್ಯಾಯಾಧೀಶರು ಆದೇಶ ನೀಡಿದನು
637,ದೊಡ್ಡಮ್ಮ ಅಡುಗೆ ಮಾಡಿದಳು,ದೊಡ್ಡಮ್ಮ ಅಡುಗೆ ಮಾಡಿದರು,Honorific Agreement,ದೊಡ್ಡಮ್ಮ ಅಡುಗೆ ಮಾಡಿದಳು
638,ಪ್ರೊಫೆಸರ್ ಉಪನ್ಯಾಸ ಮಾಡಿದನು,ಪ್ರೊಫೆಸರ್ ಉಪನ್ಯಾಸ ಮಾಡಿದರು,Honorific Agreement,ಪ್ರೊಫೆಸರ್ ಉಪನ್ಯಾಸ ಮಾಡಿದನು
639,ರಾಜ್ಯಪಾಲರು ಶಾಲೆ ತೆರೆದನು,ರಾಜ್ಯಪಾಲರು ಶಾಲೆ ತೆರೆದರು,Honorific Agreement,ರಾಜ್ಯಪಾಲರು ಶಾಲೆ ತೆರೆದನು
640,ಅತ್ತೆ ಹಣ್ಣು ತಂದಳು,ಅತ್ತೆ ಹಣ್ಣು ತಂದರು,Honorific Agreement,ಅತ್ತೆ ಹಣ್ಣು ತಂದಳು
641,ವಿಭಾಗ ಮುಖ್ಯಸ್ಥರು ಸಭೆ ನಡೆಸಿದನು,ವಿಭಾಗ ಮುಖ್ಯಸ್ಥರು ಸಭೆ ನಡೆಸಿದರು,Honorific Agreement,ವಿಭಾಗ ಮುಖ್ಯಸ್ಥರು ಸಭೆ ನಡೆಸಿದನು
642,ಚಿಕ್ಕಮ್ಮ ಕಥೆ ಹೇಳಿದಳು,ಚಿಕ್ಕಮ್ಮ ಕಥೆ ಹೇಳಿದರು,Honorific Agreement,ಚಿಕ್ಕಮ್ಮ ಕಥೆ ಹೇಳಿದಳು
643,ಕಲೆಕ್ಟರ್ ಊರು ತಲುಪಿದನು,ಕಲೆಕ್ಟರ್ ಊರು ತಲುಪಿದರು,Honorific Agreement,ಕಲೆಕ್ಟರ್ ಊರು ತಲುಪಿದನು
644,ಮಾವನವರು ಮನೆ ಬಂದನು,ಮಾವನವರು ಮನೆ ಬಂದರು,Honorific Agreement,ಮಾವನವರು ಮನೆ ಬಂದನು
645,ಪೋಲೀಸ್ ಅಧಿಕಾರಿಗಳು ತನಿಖೆ ಮಾಡಿದನು,ಪೋಲೀಸ್ ಅಧಿಕಾರಿಗಳು ತನಿಖೆ ಮಾಡಿದರು,Honorific Agreement,ಪೋಲೀಸ್ ಅಧಿಕಾರಿಗಳು ತನಿಖೆ ಮಾಡಿದನು
646,ಹೊಗೆ ಆಕಾಶಕ್ಕೆ ಏರಿದನು,ಹೊಗೆ ಆಕಾಶಕ್ಕೆ ಏರಿತು,Neuter Agreement,ಹೊಗೆ ಆಕಾಶಕ್ಕೆ ಏರಿದನು
647,ಮಂಜು ಬೆಳಿಗ್ಗೆ ಇಳಿದನು,ಮಂಜು ಬೆಳಿಗ್ಗೆ ಇಳಿಯಿತು,Neuter Agreement,ಮಂಜು ಬೆಳಿಗ್ಗೆ ಇಳಿದನು
648,ಬಸ್ ನಿಲ್ದಾಣ ತಲುಪಿದನು,ಬಸ್ ನಿಲ್ದಾಣ ತಲುಪಿತು,Neuter Agreement,ಬಸ್ ನಿಲ್ದಾಣ ತಲುಪಿದನು
649,ಮೋಡ ಗಾಳಿಯಲ್ಲಿ ಚದುರಿದನು,ಮೋಡ ಗಾಳಿಯಲ್ಲಿ ಚದುರಿತು,Neuter Agreement,ಮೋಡ ಗಾಳಿಯಲ್ಲಿ ಚದುರಿದನು
650,ಹಡಗು ದಡ ಸೇರಿದನು,ಹಡಗು ದಡ ಸೇರಿತು,Neuter Agreement,ಹಡಗು ದಡ ಸೇರಿದನು
651,ನೀರು ತೊಟ್ಟಿ ತುಂಬಿದನು,ನೀರು ತೊಟ್ಟಿ ತುಂಬಿತು,Neuter Agreement,ನೀರು ತೊಟ್ಟಿ ತುಂಬಿದನು
652,ಒಲೆ ಆರಿದನು,ಒಲೆ ಆರಿತು,Neuter Agreement,ಒಲೆ ಆರಿದನು
653,ಹಕ್ಕಿ ಆಕಾಶದಲ್ಲಿ ಹಾರಿದನು,ಹಕ್ಕಿ ಆಕಾಶದಲ್ಲಿ ಹಾರಿತು,Neuter Agreement,ಹಕ್ಕಿ ಆಕಾಶದಲ್ಲಿ ಹಾರಿದನು
654,ಮನೆ ಗಾಳಿಯಲ್ಲಿ ಅಲ್ಲಾಡಿದನು,ಮನೆ ಗಾಳಿಯಲ್ಲಿ ಅಲ್ಲಾಡಿತು,Neuter Agreement,ಮನೆ ಗಾಳಿಯಲ್ಲಿ ಅಲ್ಲಾಡಿದನು
655,ಬೆಂಕಿ ಅಡುಗೆ ಮನೆ ತಲುಪಿದನು,ಬೆಂಕಿ ಅಡುಗೆ ಮನೆ ತಲುಪಿತು,Neuter Agreement,ಬೆಂಕಿ ಅಡುಗೆ ಮನೆ ತಲುಪಿದನು
656,ಮೋಡ ಮಳೆ ತಂದನು,ಮೋಡ ಮಳೆ ತಂದಿತು,Neuter Agreement,ಮೋಡ ಮಳೆ ತಂದನು
657,ಅವನು ನಿನ್ನೆ ದೇವಾಲಯಕ್ಕೆ ಹೋಗುತ್ತಾನೆ,ಅವನು ನಿನ್ನೆ ದೇವಾಲಯಕ್ಕೆ ಹೋದನು,Tense Error,ಅವನು ನಿನ್ನೆ ದೇವಾಲಯಕ್ಕೆ ಹೋಗುತ್ತಾನೆ
658,ನಾನು ನಾಳೆ ಮದುವೆಗೆ ಹೋದೆ,ನಾನು ನಾಳೆ ಮದುವೆಗೆ ಹೋಗುತ್ತೇನೆ,Tense Error,ನಾನು ನಾಳೆ ಮದುವೆಗೆ ಹೋದೆ
659,ನಾವು ಈಗ ನದಿ ದಾಟಿದೆವು,ನಾವು ಈಗ ನದಿ ದಾಟುತ್ತಿದ್ದೇವೆ,Tense Error,ನಾವು ಈಗ ನದಿ ದಾಟಿದೆವು
660,ಅವಳು ನಿನ್ನೆ ಪದ್ಯ ಹೇಳುತ್ತಾಳೆ,ಅವಳು ನಿನ್ನೆ ಪದ್ಯ ಹೇಳಿದಳು,Tense Error,ಅವಳು ನಿನ್ನೆ ಪದ್ಯ ಹೇಳುತ್ತಾಳೆ
661,ಅವರು ಈಗ ವಿಮಾನ ಇಳಿದರು,ಅವರು ಈಗ ವಿಮಾನ ಇಳಿಯುತ್ತಿದ್ದಾರೆ,Tense Error,ಅವರು ಈಗ ವಿಮಾನ ಇಳಿದರು
662,ಅವನು ನಿನ್ನೆ ಮೀನು ಹಿಡಿಯುತ್ತಾನೆ,ಅವನು ನಿನ್ನೆ ಮೀನು ಹಿಡಿದನು,Tense Error,ಅವನು ನಿನ್ನೆ ಮೀನು ಹಿಡಿಯುತ್ತಾನೆ
663,ನಾನು ನಾಳೆ ಕಡಲತೀರಕ್ಕೆ ಹೋದೆ,ನಾನು ನಾಳೆ ಕಡಲತೀರಕ್ಕೆ ಹೋಗುತ್ತೇನೆ,Tense Error,ನಾನು ನಾಳೆ ಕಡಲತೀರಕ್ಕೆ ಹೋದೆ
664,ನಾವು ಈಗ ಅಡುಗೆ ತಯಾರಿಸಿದೆವು,ನಾವು ಈಗ ಅಡುಗೆ ತಯಾರಿಸುತ್ತಿದ್ದೇವೆ,Tense Error,ನಾವು ಈಗ ಅಡುಗೆ ತಯಾರಿಸಿದೆವು
665,ಅವಳು ನಿನ್ನೆ ಕಾಡಿಗೆ ಹೋಗುತ್ತಾಳೆ,ಅವಳು ನಿನ್ನೆ ಕಾಡಿಗೆ ಹೋದಳು,Tense Error,ಅವಳು ನಿನ್ನೆ ಕಾಡಿಗೆ ಹೋಗುತ್ತಾಳೆ
666,ಅವರು ಈಗ ಕಾರ್ಯಕ್ರಮ ಮುಗಿಸಿದರು,ಅವರು ಈಗ ಕಾರ್ಯಕ್ರಮ ಮುಗಿಸುತ್ತಿದ್ದಾರೆ,Tense Error,ಅವರು ಈಗ ಕಾರ್ಯಕ್ರಮ ಮುಗಿಸಿದರು
667,ಅವನು ನಿನ್ನೆ ಕವನ ಬರೆಯುತ್ತಾನೆ,ಅವನು ನಿನ್ನೆ ಕವನ ಬರೆದನು,Tense Error,ಅವನು ನಿನ್ನೆ ಕವನ ಬರೆಯುತ್ತಾನೆ
668,ಅವಳು ಹಣ್ಣು ತಟ್ಟೆ ಇಟ್ಟಳು,ಅವಳು ಹಣ್ಣನ್ನು ತಟ್ಟೆಯಲ್ಲಿ ಇಟ್ಟಳು,Case Marker Error,ಅವಳು ಹಣ್ಣು ತಟ್ಟೆ ಇಟ್ಟಳು
669,ನಾನು ಗ್ರಾಮ ದಾರಿ ನಡೆದೆ,ನಾನು ಗ್ರಾಮದ ದಾರಿಯಲ್ಲಿ ನಡೆದೆ,Case Marker Error,ನಾನು ಗ್ರಾಮ ದಾರಿ ನಡೆದೆ
670,ಅವನು ಕೆರೆ ದಂಡೆ ಕುಳಿತನು,ಅವನು ಕೆರೆಯ ದಂಡೆಯಲ್ಲಿ ಕುಳಿತನು,Case Marker Error,ಅವನು ಕೆರೆ ದಂಡೆ ಕುಳಿತನು
671,ಅವಳು ಅಕ್ಕಿ ಮಡಕೆ ಇಟ್ಟಳು,ಅವಳು ಅಕ್ಕಿಯನ್ನು ಮಡಕೆಯಲ್ಲಿ ಇಟ್ಟಳು,Case Marker Error,ಅವಳು ಅಕ್ಕಿ ಮಡಕೆ ಇಟ್ಟಳು
672,ನಾನು ನದಿ ದಂಡೆ ನಿಂತೆ,ನಾನು ನದಿಯ ದಂಡೆಯಲ್ಲಿ ನಿಂತೆ,Case Marker Error,ನಾನು ನದಿ ದಂಡೆ ನಿಂತೆ
673,ಅವನು ಬೆಟ್ಟ ತಪ್ಪಲಿನಲ್ಲಿ ನಿಂತನು,ಅವನು ಬೆಟ್ಟದ ತಪ್ಪಲಿನಲ್ಲಿ ನಿಂತನು,Case Marker Error,ಅವನು ಬೆಟ್ಟ ತಪ್ಪಲಿನಲ್ಲಿ ನಿಂತನು
674,ಅವಳು ಅನ್ನ ಮಡಕೆ ಇಟ್ಟಳು,ಅವಳು ಅನ್ನವನ್ನು ಮಡಕೆಯಲ್ಲಿ ಇಟ್ಟಳು,Case Marker Error,ಅವಳು ಅನ್ನ ಮಡಕೆ ಇಟ್ಟಳು
675,ನಾನು ಅಕ್ಕ ಜೊತೆ ಆಡಿದೆ,ನಾನು ಅಕ್ಕನ ಜೊತೆ ಆಡಿದೆ,Case Marker Error,ನಾನು ಅಕ್ಕ ಜೊತೆ ಆಡಿದೆ
676,ಅವನು ತೋಟ ನಡುವೆ ನಿಂತನು,ಅವನು ತೋಟದ ನಡುವೆ ನಿಂತನು,Case Marker Error,ಅವನು ತೋಟ ನಡುವೆ ನಿಂತನು
677,ಅವಳು ಮೊಸರು ಕೊಡ ಇಟ್ಟಳು,ಅವಳು ಮೊಸರನ್ನು ಕೊಡದಲ್ಲಿ ಇಟ್ಟಳು,Case Marker Error,ಅವಳು ಮೊಸರು ಕೊಡ ಇಟ್ಟಳು
678,ನಾನು ಮಗ ಜೊತೆ ಹೋದೆ,ನಾನು ಮಗನ ಜೊತೆ ಹೋದೆ,Case Marker Error,ನಾನು ಮಗ ಜೊತೆ ಹೋದೆ
679,ಮಕ್ಕಳು ಕೆರೆ ಆಡಿದರು,ಮಕ್ಕಳು ಕೆರೆಯಲ್ಲಿ ಆಡಿದರು,Postposition Error,ಮಕ್ಕಳು ಕೆರೆ ಆಡಿದರು
680,ನಾನು ಅವನಿಗೆ ಜೊತೆ ಕಾಡು ಹೋದೆ,ನಾನು ಅವನ ಜೊತೆ ಕಾಡಿಗೆ ಹೋದೆ,Postposition Error,ನಾನು ಅವನಿಗೆ ಜೊತೆ ಕಾಡು ಹೋದೆ
681,ಮಕ್ಕಳು ಹೊಲ ಓಡಿದರು,ಮಕ್ಕಳು ಹೊಲದಲ್ಲಿ ಓಡಿದರು,Postposition Error,ಮಕ್ಕಳು ಹೊಲ ಓಡಿದರು
682,ಅವನು ಬಜಾರ್ ಹೋದನು,ಅವನು ಬಜಾರ್‌ಗೆ ಹೋದನು,Postposition Error,ಅವನು ಬಜಾರ್ ಹೋದನು
683,ನಾನು ಅವಳಿಗೆ ಜೊತೆ ಬಜಾರ್ ಹೋದೆ,ನಾನು ಅವಳ ಜೊತೆ ಬಜಾರ್‌ಗೆ ಹೋದೆ,Postposition Error,ನಾನು ಅವಳಿಗೆ ಜೊತೆ ಬಜಾರ್ ಹೋದೆ
684,ಮಕ್ಕಳು ಬೀಚ್ ಆಟ ಆಡಿದರು,ಮಕ್ಕಳು ಬೀಚ್‌ನಲ್ಲಿ ಆಟ ಆಡಿದರು,Postposition Error,ಮಕ್ಕಳು ಬೀಚ್ ಆಟ ಆಡಿದರು
685,ಅವಳು ದೇವಸ್ಥಾನ ಹೋದಳು,ಅವಳು ದೇವಸ್ಥಾನಕ್ಕೆ ಹೋದಳು,Postposition Error,ಅವಳು ದೇವಸ್ಥಾನ ಹೋದಳು
686,ನಾನು ಅವನಿಗೆ ಜೊತೆ ತೋಟ ನಡೆದೆ,ನಾನು ಅವನ ಜೊತೆ ತೋಟದಲ್ಲಿ ನಡೆದೆ,Postposition Error,ನಾನು ಅವನಿಗೆ ಜೊತೆ ತೋಟ ನಡೆದೆ
687,ಮಕ್ಕಳು ಮೈದಾನ ಕುಳಿತರು,ಮಕ್ಕಳು ಮೈದಾನದಲ್ಲಿ ಕುಳಿತರು,Postposition Error,ಮಕ್ಕಳು ಮೈದಾನ ಕುಳಿತರು
688,ಅವನು ರೈಲು ಹೋದನು,ಅವನು ರೈಲಿನಲ್ಲಿ ಹೋದನು,Postposition Error,ಅವನು ರೈಲು ಹೋದನು
689,ಮಕ್ಕಳು ಶಿಖರ ಹತ್ತಿದರು,ಮಕ್ಕಳು ಶಿಖರವನ್ನು ಹತ್ತಿದರು,Postposition Error,ಮಕ್ಕಳು ಶಿಖರ ಹತ್ತಿದರು
690,ಅವನು ಎಚ್ಚರಿಕೆಯಿಂದ ಮಾತನಾಡುತ್ತಾನೆನು,ಅವನು ಎಚ್ಚರಿಕೆಯಿಂದ ಮಾತನಾಡುತ್ತಾನೆ,Extra Suffix,ಅವನು ಎಚ್ಚರಿಕೆಯಿಂದ ಮಾತನಾಡುತ್ತಾನೆನು
691,ಅವಳು ಖುಷಿಯಿಂದ ನಡೆಯುತ್ತಾಳೆನು,ಅವಳು ಖುಷಿಯಿಂದ ನಡೆಯುತ್ತಾಳೆ,Extra Suffix,ಅವಳು ಖುಷಿಯಿಂದ ನಡೆಯುತ್ತಾಳೆನು
692,ನಾನು ಮನೆ ತಲುಪಿದ್ದೇನೆನು,ನಾನು ಮನೆ ತಲುಪಿದ್ದೇನೆ,Extra Suffix,ನಾನು ಮನೆ ತಲುಪಿದ್ದೇನೆನು
693,ನಾವು ಊರು ಬಿಟ್ಟ್ದೇವೆನು,ನಾವು ಊರು ಬಿಟ್ಟ್ದೇವೆ,Extra Suffix,ನಾವು ಊರು ಬಿಟ್ಟ್ದೇವೆನು
694,ಅವರು ಸ್ಪರ್ಧೆ ಗೆದ್ದರುನು,ಅವರು ಸ್ಪರ್ಧೆ ಗೆದ್ದರು,Extra Suffix,ಅವರು ಸ್ಪರ್ಧೆ ಗೆದ್ದರುನು
695,ಅವನು ಸ್ಪಷ್ಟವಾಗಿ ಬರೆಯುತ್ತಾನೆನು,ಅವನು ಸ್ಪಷ್ಟವಾಗಿ ಬರೆಯುತ್ತಾನೆ,Extra Suffix,ಅವನು ಸ್ಪಷ್ಟವಾಗಿ ಬರೆಯುತ್ತಾನೆನು
696,ಅವಳು ಜಾಣತನದಿಂದ ಉತ್ತರಿಸುತ್ತಾಳೆನು,ಅವಳು ಜಾಣತನದಿಂದ ಉತ್ತರಿಸುತ್ತಾಳೆ,Extra Suffix,ಅವಳು ಜಾಣತನದಿಂದ ಉತ್ತರಿಸುತ್ತಾಳೆನು
697,ನಾನು ಹಳ್ಳಿ ತಲುಪಿದ್ದೇನೆನು,ನಾನು ಹಳ್ಳಿ ತಲುಪಿದ್ದೇನೆ,Extra Suffix,ನಾನು ಹಳ್ಳಿ ತಲುಪಿದ್ದೇನೆನು
698,ನಾವು ಬೆಟ್ಟ ಹತ್ತಿದ್ದೇವೆನು,ನಾವು ಬೆಟ್ಟ ಹತ್ತಿದ್ದೇವೆ,Extra Suffix,ನಾವು ಬೆಟ್ಟ ಹತ್ತಿದ್ದೇವೆನು
699,ಅವರು ಮನೆ ಕಟ್ಟಿ ಮುಗಿಸಿದರುನು,ಅವರು ಮನೆ ಕಟ್ಟಿ ಮುಗಿಸಿದರು,Extra Suffix,ಅವರು ಮನೆ ಕಟ್ಟಿ ಮುಗಿಸಿದರುನು
700,ಅವನು ದಣಿವಿಲ್ಲದೆ ಕೆಲಸ ಮಾಡುತ್ತಾನೆನು,ಅವನು ದಣಿವಿಲ್ಲದೆ ಕೆಲಸ ಮಾಡುತ್ತಾನೆ,Extra Suffix,ಅವನು ದಣಿವಿಲ್ಲದೆ ಕೆಲಸ ಮಾಡುತ್ತಾನೆನು
